Year,Month,Channel,Brand,Weight range,Units (in 1000),Value (in 1000 rub),Volume (in 1000 kg),Number of stores
2020,1,Hypermarkets,Green,200-249G,16.3202,936.803413,3.4272,477
2020,1,Hypermarkets,Green,350-399G,87.8634,7019.116508,30.7522,754
2020,1,Hypermarkets,Green,400-599G,35.7182,4166.453788,17.8592,629
2020,1,Hypermarkets,Green,600-899G,0.358,66.38769,0.2685,29
2020,1,Hypermarkets,Blue,400-599G,16.8368,3227.992656,6.7346,663
2020,1,Hypermarkets,Black,200-249G,10.0639,573.128758,2.3147,547
2020,1,Hypermarkets,Black,400-599G,5.1222,559.444379,2.305,325
2020,1,Hypermarkets,White,<200G,3.4856,328.755626,0.6274,96
2020,1,Hypermarkets,Red,350-399G,1.6929,253.642919,0.6264,95
2020,1,Hypermarkets,Yellow,350-399G,2.8313,200.763102,1.0193,191
2020,1,Hypermarkets,Orange,250-299G,0.0068,2.200698,0.0019,4
2020,1,Hypermarkets,Orange,400-599G,0.5648,71.031833,0.2259,78
2020,1,Hypermarkets,Purple,400-599G,0.242,61.805145,0.0968,96
2020,1,Hypermarkets,Pink,<200G,0.3707,56.153614,0.0704,0
2020,1,Hypermarkets,Brown,400-599G,0.321,50.76976,0.1284,0
2020,1,Minimarkets,Green,200-249G,66.7225,4050.03638,14.0117,7561
2020,1,Minimarkets,Green,300-349G,0.0013,0.134999,0.0004,1
2020,1,Minimarkets,Green,350-399G,77.9698,7036.255168,27.2894,8754
2020,1,Minimarkets,Green,400-599G,7.861,1087.96951,3.9304,1426
2020,1,Minimarkets,Green,600-899G,0.6025,109.493529,0.4518,277
2020,1,Minimarkets,Yellow,350-399G,52.7901,3000.962605,19.0044,5948
2020,1,Minimarkets,Blue,400-599G,14.2126,2169.309011,5.6849,1776
2020,1,Minimarkets,Black,200-249G,4.3366,319.951771,0.9974,1627
2020,1,Minimarkets,Black,400-599G,1.6089,234.200456,0.7239,514
2020,1,Minimarkets,Red,350-399G,1.2559,207.232319,0.4648,355
2020,1,Minimarkets,White,<200G,2.0961,177.535357,0.3773,298
2020,1,Minimarkets,Grey,350-399G,0.5244,119.596253,0.1835,71
2020,1,Minimarkets,Pale,<200G,0.0022,0.930142,0.0004,2
2020,1,Minimarkets,Pale,400-599G,0.3416,108.540446,0.1367,49
2020,1,Minimarkets,Pastel,250-299G,1.0783,51.908766,0.302,613
2020,1,Minimarkets,Mat,400-599G,0.4799,43.137401,0.24,0
2020,1,Supermarkets,Green,200-249G,173.1694,8930.873194,36.3655,10568
2020,1,Supermarkets,Green,350-399G,109.4041,9457.396412,38.2914,8553
2020,1,Supermarkets,Green,400-599G,41.8318,4901.080918,20.916,2638
2020,1,Supermarkets,Green,600-899G,0.0807,15.311662,0.0605,53
2020,1,Supermarkets,Blue,400-599G,66.1422,9564.403796,26.4569,5157
2020,1,Supermarkets,Yellow,350-399G,55.3375,3197.053251,19.9215,6724
2020,1,Supermarkets,Black,200-249G,19.5669,1090.341146,4.5003,3312
2020,1,Supermarkets,Black,400-599G,7.0743,918.309789,3.1834,1018
2020,1,Supermarkets,Red,350-399G,5.5746,811.85142,2.0626,709
2020,1,Supermarkets,Pale,<200G,0.0088,3.021369,0.0017,10
2020,1,Supermarkets,Pale,400-599G,1.7347,489.019976,0.6938,223
2020,1,Supermarkets,Deep,<200G,1.3486,387.537281,0.2563,100
2020,1,Supermarkets,Deep,350-399G,0.0314,10.497775,0.011,7
2020,1,Supermarkets,Deep,400-599G,0.0734,36.070235,0.0367,50
2020,1,Supermarkets,White,<200G,3.1912,241.683626,0.5744,179
2020,1,Supermarkets,Dim,350-399G,0.0554,25.307236,0.0194,0
2020,1,Supermarkets,Dim,400-599G,0.3194,174.92429,0.1341,0
2020,1,Supermarkets,Vivid,<200G,0.3405,46.280242,0.0613,63
2020,1,Supermarkets,Vivid,350-399G,0.7489,144.095549,0.2622,67
2020,2,Hypermarkets,Green,200-249G,15.4443,902.021306,3.2433,479
2020,2,Hypermarkets,Green,350-399G,61.9945,5267.687694,21.6982,771
2020,2,Hypermarkets,Green,400-599G,52.0653,5737.79897,26.0328,648
2020,2,Hypermarkets,Green,600-899G,0.327,61.337886,0.2453,23
2020,2,Hypermarkets,Blue,400-599G,15.7978,3177.907308,6.319,668
2020,2,Hypermarkets,Black,200-249G,16.1499,874.324135,3.7145,525
2020,2,Hypermarkets,Black,400-599G,3.4374,443.556823,1.5468,319
2020,2,Hypermarkets,White,<200G,3.1436,306.878801,0.5659,89
2020,2,Hypermarkets,Red,350-399G,1.8528,281.485434,0.6855,93
2020,2,Hypermarkets,Yellow,350-399G,2.481,184.941745,0.8931,168
2020,2,Hypermarkets,Orange,250-299G,0.0062,2.004698,0.0017,4
2020,2,Hypermarkets,Orange,400-599G,0.8744,106.299765,0.3498,108
2020,2,Hypermarkets,Purple,400-599G,0.2345,57.967151,0.0938,93
2020,2,Hypermarkets,Pink,<200G,0.3319,50.762267,0.0631,0
2020,2,Hypermarkets,Brown,400-599G,0.2888,46.506611,0.1155,70
2020,2,Minimarkets,Green,200-249G,67.5195,3973.243146,14.1791,8031
2020,2,Minimarkets,Green,300-349G,0.0326,2.724914,0.0104,16
2020,2,Minimarkets,Green,350-399G,74.3137,6994.827867,26.0097,9400
2020,2,Minimarkets,Green,400-599G,6.0307,839.264868,3.0153,1291
2020,2,Minimarkets,Green,600-899G,0.4328,79.266848,0.3246,279
2020,2,Minimarkets,Yellow,350-399G,39.9546,2210.363738,14.3836,5524
2020,2,Minimarkets,Blue,400-599G,11.616,1969.556878,4.6465,1919
2020,2,Minimarkets,Black,200-249G,2.6972,195.339862,0.6204,1549
2020,2,Minimarkets,Black,400-599G,1.1557,203.567716,0.5201,518
2020,2,Minimarkets,Red,350-399G,1.045,178.409536,0.3866,253
2020,2,Minimarkets,Pale,<200G,0.067,22.854508,0.0127,51
2020,2,Minimarkets,Pale,400-599G,0.4186,131.38103,0.1674,84
2020,2,Minimarkets,White,<200G,1.0259,91.413191,0.1847,233
2020,2,Minimarkets,Orange,400-599G,0.3508,40.453398,0.1403,282
2020,2,Minimarkets,Vivid,<200G,0.0227,3.238388,0.0041,0
2020,2,Minimarkets,Vivid,350-399G,0.1831,36.294018,0.0641,0
2020,2,Minimarkets,Virulent,300-349G,0.1532,27.976055,0.0491,0
2020,2,Minimarkets,Virulent,400-599G,0.0295,2.716891,0.0118,0
2020,2,Supermarkets,Green,200-249G,124.2706,6261.83286,26.0969,9957
2020,2,Supermarkets,Green,350-399G,112.8185,10193.829322,39.4865,8768
2020,2,Supermarkets,Green,400-599G,25.1908,3303.863573,12.5954,2630
2020,2,Supermarkets,Green,600-899G,0.0843,16.051771,0.0633,53
2020,2,Supermarkets,Blue,400-599G,30.8669,5580.485107,12.3467,3891
2020,2,Supermarkets,Yellow,350-399G,43.3914,2388.342617,15.6209,6043
2020,2,Supermarkets,Black,200-249G,9.44,564.161924,2.1712,2546
2020,2,Supermarkets,Black,400-599G,5.2153,824.082768,2.3468,1093
2020,2,Supermarkets,Red,350-399G,10.9837,1386.735499,4.064,919
2020,2,Supermarkets,Pale,<200G,0.0175,6.433346,0.0033,13
2020,2,Supermarkets,Pale,400-599G,1.803,520.283287,0.7211,238
2020,2,Supermarkets,Deep,<200G,1.7385,457.743868,0.3303,108
2020,2,Supermarkets,Deep,350-399G,0.0397,13.110632,0.014,8
2020,2,Supermarkets,Deep,400-599G,0.0685,33.706557,0.0342,40
2020,2,Supermarkets,Moderate,<200G,0.0016,0.21092,0.0003,4
2020,2,Supermarkets,Moderate,350-399G,2.2326,287.868454,0.7815,150
2020,2,Supermarkets,Dim,350-399G,0.0526,24.106433,0.0184,0
2020,2,Supermarkets,Dim,400-599G,0.3976,205.549007,0.167,0
2020,2,Supermarkets,Glossy,300-349G,0.1842,34.832102,0.0608,0
2020,2,Supermarkets,Glossy,400-599G,0.3193,146.807534,0.1597,0
2020,3,Hypermarkets,Green,200-249G,15.7516,928.92665,3.3079,480
2020,3,Hypermarkets,Green,350-399G,116.7506,9105.207427,40.8628,776
2020,3,Hypermarkets,Green,400-599G,44.6502,5049.820876,22.3251,664
2020,3,Hypermarkets,Green,600-899G,0.3076,58.307367,0.2307,23
2020,3,Hypermarkets,Blue,400-599G,17.3306,3529.609076,6.9322,668
2020,3,Hypermarkets,Black,200-249G,11.6185,677.017966,2.6723,503
2020,3,Hypermarkets,Black,300-349G,0.0006,0.042303,0.0002,2
2020,3,Hypermarkets,Black,400-599G,2.8369,433.006136,1.2766,301
2020,3,Hypermarkets,Black,600-899G,0.0006,0.096674,0.0003,1
2020,3,Hypermarkets,White,<200G,3.3968,329.873082,0.6114,93
2020,3,Hypermarkets,Red,350-399G,2.1223,317.591342,0.7853,95
2020,3,Hypermarkets,Yellow,350-399G,2.6176,197.90962,0.9423,128
2020,3,Hypermarkets,Orange,250-299G,0.0099,3.203644,0.0027,2
2020,3,Hypermarkets,Orange,400-599G,1.0074,121.778651,0.4029,114
2020,3,Hypermarkets,Purple,400-599G,0.3357,78.294403,0.1343,96
2020,3,Hypermarkets,Pink,<200G,0.3775,58.161958,0.0717,0
2020,3,Hypermarkets,Pink,350-399G,0.0007,0.094486,0.0003,0
2020,3,Hypermarkets,Brown,400-599G,0.2882,45.010945,0.1152,0
2020,3,Minimarkets,Green,200-249G,59.9181,3925.894315,12.5828,7797
2020,3,Minimarkets,Green,300-349G,0.0025,0.239033,0.0008,3
2020,3,Minimarkets,Green,350-399G,69.8611,6958.625881,24.4513,8564
2020,3,Minimarkets,Green,400-599G,8.2565,1088.468861,4.1283,1297
2020,3,Minimarkets,Green,600-899G,0.3656,62.655918,0.2742,283
2020,3,Minimarkets,Blue,400-599G,10.6065,1949.093433,4.2427,1612
2020,3,Minimarkets,Yellow,350-399G,15.8856,1072.220825,5.7188,3521
2020,3,Minimarkets,Black,200-249G,4.2058,285.332048,0.9673,1440
2020,3,Minimarkets,Black,400-599G,1.0539,177.547756,0.4744,434
2020,3,Minimarkets,Delicate,400-599G,2.5053,321.675,1.2527,976
2020,3,Minimarkets,Red,350-399G,0.7486,124.803203,0.277,253
2020,3,Minimarkets,Grey,350-399G,0.5124,123.330744,0.1794,72
2020,3,Minimarkets,White,<200G,1.1978,108.865611,0.2156,239
2020,3,Minimarkets,Pale,<200G,0.0058,1.605336,0.0011,0
2020,3,Minimarkets,Pale,400-599G,0.3065,93.23621,0.1226,0
2020,3,Minimarkets,Orange,400-599G,0.42,48.423851,0.168,292
2020,3,Supermarkets,Green,200-249G,80.8349,4860.261843,16.9753,10268
2020,3,Supermarkets,Green,350-399G,98.0553,9525.273204,34.3194,8169
2020,3,Supermarkets,Green,400-599G,41.2775,5053.812038,20.6387,2632
2020,3,Supermarkets,Green,600-899G,0.0844,13.352451,0.0633,65
2020,3,Supermarkets,Blue,400-599G,22.7859,4874.68381,9.1144,2764
2020,3,Supermarkets,Black,200-249G,8.6386,518.473264,1.9869,1801
2020,3,Supermarkets,Black,400-599G,4.9757,855.17176,2.2391,1471
2020,3,Supermarkets,Yellow,350-399G,20.996,1306.620265,7.5586,3778
2020,3,Supermarkets,Red,350-399G,8.5074,1124.589953,3.1477,869
2020,3,Supermarkets,Delicate,400-599G,6.3937,811.186105,3.1969,2485
2020,3,Supermarkets,Deep,<200G,2.5576,700.968116,0.4859,111
2020,3,Supermarkets,Deep,350-399G,0.0412,13.251864,0.0145,6
2020,3,Supermarkets,Deep,400-599G,0.0818,39.988526,0.0408,47
2020,3,Supermarkets,Pale,<200G,0.0322,7.884587,0.0061,21
2020,3,Supermarkets,Pale,400-599G,2.1445,603.625107,0.8577,257
2020,3,Supermarkets,Dim,350-399G,0.0577,25.981502,0.0202,0
2020,3,Supermarkets,Dim,400-599G,0.5458,290.24294,0.2292,0
2020,3,Supermarkets,Moderate,<200G,0.0004,0.049663,0.0001,1
2020,3,Supermarkets,Moderate,350-399G,1.3841,238.904142,0.4844,158
2020,4,Hypermarkets,Green,200-249G,13.1809,819.698677,2.768,478
2020,4,Hypermarkets,Green,350-399G,54.8537,4806.202042,19.1989,786
2020,4,Hypermarkets,Green,400-599G,48.5498,5104.909681,24.2748,663
2020,4,Hypermarkets,Green,600-899G,1.082,129.175226,0.8115,23
2020,4,Hypermarkets,Blue,400-599G,14.6887,3008.328546,5.8755,671
2020,4,Hypermarkets,Black,200-249G,10.8278,634.098977,2.4904,482
2020,4,Hypermarkets,Black,300-349G,0.0001,0.007028,0,0
2020,4,Hypermarkets,Black,400-599G,2.0152,337.342593,0.9069,302
2020,4,Hypermarkets,Black,600-899G,0.0001,0.016112,0.0001,2
2020,4,Hypermarkets,White,<200G,2.9288,285.831332,0.5272,94
2020,4,Hypermarkets,Red,350-399G,1.8156,283.721208,0.6717,115
2020,4,Hypermarkets,Yellow,350-399G,2.3171,172.71895,0.8341,119
2020,4,Hypermarkets,Orange,250-299G,0.0111,3.648823,0.0031,4
2020,4,Hypermarkets,Orange,400-599G,0.8561,102.900452,0.3424,113
2020,4,Hypermarkets,Purple,400-599G,0.3016,68.126832,0.1206,105
2020,4,Hypermarkets,Pink,<200G,0.2712,41.763937,0.0515,0
2020,4,Hypermarkets,Brown,400-599G,0.2237,30.341988,0.0895,0
2020,4,Minimarkets,Green,200-249G,65.925,4037.903364,13.8442,8093
2020,4,Minimarkets,Green,300-349G,0.0015,0.171467,0.0005,2
2020,4,Minimarkets,Green,350-399G,62.98,6338.200409,22.043,8792
2020,4,Minimarkets,Green,400-599G,6.1918,880.140635,3.0959,1462
2020,4,Minimarkets,Green,600-899G,0.5044,80.219931,0.3783,323
2020,4,Minimarkets,Blue,400-599G,8.3434,1553.383466,3.3374,1496
2020,4,Minimarkets,Yellow,350-399G,17.1067,1076.441935,6.1584,2626
2020,4,Minimarkets,Black,200-249G,3.1584,225.61309,0.7264,1774
2020,4,Minimarkets,Black,400-599G,1.2491,242.389454,0.5621,580
2020,4,Minimarkets,Delicate,400-599G,2.3394,258.553945,1.1697,996
2020,4,Minimarkets,Red,350-399G,1.1033,186.019152,0.4082,406
2020,4,Minimarkets,White,<200G,1.1104,98.75062,0.1999,243
2020,4,Minimarkets,Silver,400-599G,0.3346,58.388659,0.1673,0
2020,4,Minimarkets,Purple,400-599G,0.2126,55.786411,0.0851,104
2020,4,Minimarkets,Orange,250-299G,0.0007,0.259456,0.0002,2
2020,4,Minimarkets,Orange,400-599G,0.4675,50.164253,0.187,307
2020,4,Supermarkets,Green,200-249G,156.6125,8413.267214,32.8887,11160
2020,4,Supermarkets,Green,350-399G,95.5966,8971.843249,33.4589,8304
2020,4,Supermarkets,Green,400-599G,20.3404,2762.443039,10.1702,2421
2020,4,Supermarkets,Green,600-899G,0.2203,33.022278,0.1653,65
2020,4,Supermarkets,Blue,400-599G,32.7492,5927.9104,13.0998,2316
2020,4,Supermarkets,Yellow,350-399G,18.3218,1168.584361,6.5958,2651
2020,4,Supermarkets,Black,200-249G,4.8246,343.430485,1.1096,1399
2020,4,Supermarkets,Black,400-599G,3.4998,654.637547,1.5748,1473
2020,4,Supermarkets,Red,350-399G,4.6311,722.763649,1.7135,743
2020,4,Supermarkets,Delicate,400-599G,5.7053,649.040983,2.8527,2566
2020,4,Supermarkets,Deep,<200G,1.692,457.457559,0.3215,115
2020,4,Supermarkets,Deep,350-399G,0.0232,7.416068,0.0082,6
2020,4,Supermarkets,Deep,400-599G,0.0639,31.154171,0.0319,54
2020,4,Supermarkets,Pale,<200G,0.0877,10.94554,0.0166,28
2020,4,Supermarkets,Pale,350-399G,0.0007,0.250637,0.0002,1
2020,4,Supermarkets,Pale,400-599G,1.7914,455.096599,0.7166,262
2020,4,Supermarkets,Dim,350-399G,0.0597,27.19477,0.0209,0
2020,4,Supermarkets,Dim,400-599G,0.7026,360.11203,0.2951,0
2020,4,Supermarkets,Vivid,<200G,0.3512,54.916409,0.0632,0
2020,4,Supermarkets,Vivid,350-399G,0.6254,129.905255,0.2188,0
2020,5,Hypermarkets,Green,200-249G,22.3576,1261.464109,4.6951,572
2020,5,Hypermarkets,Green,350-399G,57.154,5056.081495,20.0039,778
2020,5,Hypermarkets,Green,400-599G,29.5413,3514.288662,14.7706,640
2020,5,Hypermarkets,Green,600-899G,0.3545,67.328507,0.2658,22
2020,5,Hypermarkets,Blue,400-599G,17.0951,3209.643513,6.8381,633
2020,5,Hypermarkets,Black,200-249G,12.0351,665.216812,2.7681,478
2020,5,Hypermarkets,Black,400-599G,1.8037,280.366585,0.8117,285
2020,5,Hypermarkets,Red,350-399G,2.1726,330.982913,0.8038,138
2020,5,Hypermarkets,White,<200G,3.2213,305.898532,0.5798,95
2020,5,Hypermarkets,Yellow,350-399G,1.8592,140.871749,0.6692,105
2020,5,Hypermarkets,Purple,400-599G,0.6509,126.123622,0.2604,138
2020,5,Hypermarkets,Orange,250-299G,0.0081,2.613454,0.0023,3
2020,5,Hypermarkets,Orange,400-599G,0.7626,92.107813,0.305,115
2020,5,Hypermarkets,Pink,<200G,0.2396,37.023186,0.0455,0
2020,5,Hypermarkets,Pink,350-399G,0.0011,0.119351,0.0004,0
2020,5,Hypermarkets,Lime,400-599G,0.1731,35.477459,0.0693,46
2020,5,Minimarkets,Green,200-249G,62.2945,3886.490741,13.0819,7742
2020,5,Minimarkets,Green,300-349G,0.0007,0.07665,0.0002,1
2020,5,Minimarkets,Green,350-399G,65.0353,6461.604885,22.7624,8213
2020,5,Minimarkets,Green,400-599G,7.079,978.03047,3.5394,1256
2020,5,Minimarkets,Green,600-899G,0.4188,71.137857,0.3141,337
2020,5,Minimarkets,Blue,400-599G,9.4711,1704.141979,3.7885,1342
2020,5,Minimarkets,Yellow,350-399G,14.6881,881.70831,5.2878,2350
2020,5,Minimarkets,Black,200-249G,3.7982,283.989748,0.8736,1569
2020,5,Minimarkets,Black,400-599G,0.6053,112.811286,0.2724,330
2020,5,Minimarkets,Red,350-399G,1.528,224.946184,0.5654,327
2020,5,Minimarkets,Delicate,400-599G,1.291,137.342741,0.6456,780
2020,5,Minimarkets,White,<200G,1.3652,128.123744,0.2457,245
2020,5,Minimarkets,Orange,250-299G,0.0013,0.429929,0.0003,2
2020,5,Minimarkets,Orange,400-599G,0.5541,65.790073,0.2217,334
2020,5,Minimarkets,Teal,350-399G,0.7088,42.52785,0.2481,188
2020,5,Minimarkets,Purple,400-599G,0.1453,41.459526,0.0581,0
2020,5,Supermarkets,Green,200-249G,126.6888,6964.641234,26.6046,11236
2020,5,Supermarkets,Green,350-399G,87.3889,7894.581306,30.5861,7935
2020,5,Supermarkets,Green,400-599G,17.5314,2313.44746,8.7657,2129
2020,5,Supermarkets,Green,600-899G,0.0754,10.34063,0.0566,34
2020,5,Supermarkets,Blue,400-599G,23.8464,4815.378802,9.5385,2262
2020,5,Supermarkets,Black,200-249G,8.3302,493.352945,1.9159,1621
2020,5,Supermarkets,Black,400-599G,3.6336,655.264603,1.6351,1225
2020,5,Supermarkets,Yellow,350-399G,16.1501,985.101548,5.814,2207
2020,5,Supermarkets,Red,350-399G,6.3243,868.844336,2.34,827
2020,5,Supermarkets,Deep,<200G,1.477,390.842837,0.2805,106
2020,5,Supermarkets,Deep,350-399G,0.0267,8.962127,0.0093,5
2020,5,Supermarkets,Deep,400-599G,0.079,38.584694,0.0395,48
2020,5,Supermarkets,Pale,<200G,0.0357,5.718368,0.0068,14
2020,5,Supermarkets,Pale,400-599G,1.3731,365.607411,0.5491,202
2020,5,Supermarkets,Delicate,400-599G,3.2629,358.536068,1.6315,1966
2020,5,Supermarkets,Glossy,300-349G,0.2498,46.870565,0.0825,0
2020,5,Supermarkets,Glossy,400-599G,0.4852,215.208807,0.2426,0
2020,5,Supermarkets,Dim,350-399G,0.0654,29.755378,0.0229,0
2020,5,Supermarkets,Dim,400-599G,0.313,173.026412,0.1314,0
2020,6,Hypermarkets,Green,200-249G,17.4455,1029.598821,3.6635,598
2020,6,Hypermarkets,Green,350-399G,45.0632,4036.583675,15.7722,719
2020,6,Hypermarkets,Green,400-599G,50.0413,5268.299434,25.0206,620
2020,6,Hypermarkets,Green,600-899G,2.063,213.294153,1.5473,22
2020,6,Hypermarkets,Blue,400-599G,13.2913,2643.416951,5.3166,580
2020,6,Hypermarkets,Black,200-249G,10.7218,622.228998,2.4661,490
2020,6,Hypermarkets,Black,400-599G,1.0215,160.392984,0.4597,222
2020,6,Hypermarkets,Red,350-399G,2.7663,391.482226,1.0235,150
2020,6,Hypermarkets,White,<200G,3.937,360.477244,0.7087,98
2020,6,Hypermarkets,Yellow,350-399G,2.1413,156.110209,0.7709,100
2020,6,Hypermarkets,Purple,400-599G,0.5585,117.64838,0.2234,164
2020,6,Hypermarkets,Orange,250-299G,0.0048,1.560646,0.0014,4
2020,6,Hypermarkets,Orange,400-599G,0.7672,92.905343,0.3069,117
2020,6,Hypermarkets,Deep,<200G,1.1305,55.474507,0.2148,82
2020,6,Hypermarkets,Deep,350-399G,0.0013,0.425287,0.0005,1
2020,6,Hypermarkets,Lime,400-599G,0.211,44.131594,0.0843,0
2020,6,Minimarkets,Green,200-249G,45.3431,3056.350782,9.522,7767
2020,6,Minimarkets,Green,300-349G,0.0013,0.142293,0.0004,2
2020,6,Minimarkets,Green,350-399G,76.6523,6777.613965,26.8282,8911
2020,6,Minimarkets,Green,400-599G,5.9658,822.030462,2.9829,1480
2020,6,Minimarkets,Green,600-899G,0.4157,66.62911,0.3118,308
2020,6,Minimarkets,Blue,400-599G,5.8056,1161.256081,2.3222,1295
2020,6,Minimarkets,Yellow,350-399G,18.7903,1016.720657,6.7645,2074
2020,6,Minimarkets,Black,200-249G,3.3244,262.774193,0.7646,1783
2020,6,Minimarkets,Black,400-599G,0.5825,119.821694,0.2621,235
2020,6,Minimarkets,Red,350-399G,1.3844,236.517256,0.5123,320
2020,6,Minimarkets,White,<200G,1.34,120.12206,0.2412,367
2020,6,Minimarkets,Delicate,400-599G,0.8894,92.652783,0.4446,608
2020,6,Minimarkets,Orange,250-299G,0.0027,1.081717,0.0007,2
2020,6,Minimarkets,Orange,400-599G,0.5157,56.30877,0.2063,338
2020,6,Minimarkets,Pastel,250-299G,1.0837,49.519426,0.3034,701
2020,6,Minimarkets,Mat,400-599G,0.5387,47.024197,0.2693,121
2020,6,Supermarkets,Green,200-249G,75.9334,4901.720639,15.946,10036
2020,6,Supermarkets,Green,350-399G,96.8199,7862.024497,33.887,8203
2020,6,Supermarkets,Green,400-599G,14.8417,1864.033093,7.4208,1810
2020,6,Supermarkets,Green,600-899G,0.1094,15.912793,0.082,71
2020,6,Supermarkets,Blue,400-599G,20.4412,4241.478373,8.1765,2246
2020,6,Supermarkets,Yellow,350-399G,31.2794,1824.296596,11.2606,2090
2020,6,Supermarkets,Red,350-399G,8.0562,1209.394551,2.9808,630
2020,6,Supermarkets,Black,200-249G,4.3128,302.101449,0.9919,1587
2020,6,Supermarkets,Black,400-599G,3.1105,565.056658,1.3997,1088
2020,6,Supermarkets,Deep,<200G,1.7589,476.183387,0.3342,97
2020,6,Supermarkets,Deep,350-399G,0.0245,7.848517,0.0087,6
2020,6,Supermarkets,Deep,400-599G,0.0558,27.373598,0.0279,43
2020,6,Supermarkets,Pale,<200G,0.0135,3.280559,0.0026,7
2020,6,Supermarkets,Pale,400-599G,1.3282,371.495588,0.5313,220
2020,6,Supermarkets,Delicate,400-599G,2.1193,223.758046,1.0596,1456
2020,6,Supermarkets,Vivid,<200G,0.3927,60.613095,0.0707,0
2020,6,Supermarkets,Vivid,350-399G,0.5521,120.995908,0.1933,0
2020,6,Supermarkets,Glossy,300-349G,0.1282,24.489549,0.0423,0
2020,6,Supermarkets,Glossy,400-599G,0.3336,149.109018,0.1667,0
2020,7,Hypermarkets,Green,200-249G,15.1169,870.325083,3.1746,608
2020,7,Hypermarkets,Green,350-399G,87.8911,7403.354863,30.7618,714
2020,7,Hypermarkets,Green,400-599G,21.0883,2552.483087,10.5441,578
2020,7,Hypermarkets,Green,600-899G,0.0356,6.283229,0.0267,10
2020,7,Hypermarkets,Blue,400-599G,14.4919,2822.831024,5.7967,575
2020,7,Hypermarkets,Black,200-249G,7.9988,472.153171,1.8397,475
2020,7,Hypermarkets,Black,400-599G,0.7098,116.373314,0.3194,166
2020,7,Hypermarkets,Red,350-399G,2.7746,382.445638,1.0267,151
2020,7,Hypermarkets,White,<200G,3.0071,290.430785,0.5413,97
2020,7,Hypermarkets,Yellow,350-399G,3.0332,201.709554,1.0919,172
2020,7,Hypermarkets,Purple,400-599G,0.5598,112.794113,0.2239,183
2020,7,Hypermarkets,Orange,250-299G,0.0062,1.986265,0.0017,3
2020,7,Hypermarkets,Orange,400-599G,0.7859,93.897746,0.3144,117
2020,7,Hypermarkets,Lime,400-599G,0.2265,47.412949,0.0906,57
2020,7,Hypermarkets,Pink,<200G,0.2089,35.509419,0.0397,0
2020,7,Hypermarkets,Pink,350-399G,0.0011,0.149852,0.0004,0
2020,7,Minimarkets,Green,200-249G,50.7063,3398.473048,10.6483,8349
2020,7,Minimarkets,Green,300-349G,0.0001,0.010941,0,0
2020,7,Minimarkets,Green,350-399G,63.5335,5999.003434,22.2367,8630
2020,7,Minimarkets,Green,400-599G,6.463,909.795361,3.2316,1457
2020,7,Minimarkets,Green,600-899G,0.4626,79.825211,0.347,307
2020,7,Minimarkets,Blue,400-599G,7.2124,1518.623836,2.8849,1343
2020,7,Minimarkets,Yellow,350-399G,8.89,612.199476,3.2004,1973
2020,7,Minimarkets,Black,200-249G,2.8537,235.936746,0.6564,1216
2020,7,Minimarkets,Black,400-599G,1.1924,193.56644,0.5366,292
2020,7,Minimarkets,Red,350-399G,0.7997,132.964286,0.2959,484
2020,7,Minimarkets,White,<200G,1.3448,119.129525,0.242,394
2020,7,Minimarkets,Khaki,350-399G,0.4297,86.020452,0.1504,0
2020,7,Minimarkets,Orange,250-299G,0.0053,1.922279,0.0015,2
2020,7,Minimarkets,Orange,400-599G,0.6454,70.732262,0.2581,422
2020,7,Minimarkets,Pale,<200G,0.0299,10.112935,0.0057,0
2020,7,Minimarkets,Pale,400-599G,0.1454,46.945756,0.0582,0
2020,7,Minimarkets,Delicate,400-599G,0.4858,51.738094,0.2429,400
2020,7,Supermarkets,Green,200-249G,86.1022,5422.054982,18.0815,11371
2020,7,Supermarkets,Green,350-399G,67.7327,5977.697769,23.7064,7935
2020,7,Supermarkets,Green,400-599G,11.1159,1411.179164,5.558,1569
2020,7,Supermarkets,Green,600-899G,1.0494,147.300122,0.7871,117
2020,7,Supermarkets,Blue,400-599G,36.3771,6144.165251,14.5509,2354
2020,7,Supermarkets,Yellow,350-399G,21.8827,1520.411846,7.8778,2063
2020,7,Supermarkets,Black,200-249G,8.3303,521.917002,1.916,1689
2020,7,Supermarkets,Black,400-599G,2.7617,499.183237,1.2428,1130
2020,7,Supermarkets,Red,350-399G,2.5479,411.200988,0.9427,718
2020,7,Supermarkets,Pale,<200G,0.02,3.348456,0.0038,7
2020,7,Supermarkets,Pale,350-399G,0.0007,0.242017,0.0002,1
2020,7,Supermarkets,Pale,400-599G,1.3619,374.905378,0.5448,235
2020,7,Supermarkets,Deep,<200G,1.0443,298.579602,0.1984,96
2020,7,Supermarkets,Deep,350-399G,0.045,9.620347,0.0158,7
2020,7,Supermarkets,Deep,400-599G,0.0452,22.065598,0.0226,46
2020,7,Supermarkets,Vivid,<200G,0.291,49.084923,0.0524,0
2020,7,Supermarkets,Vivid,350-399G,0.6584,140.649292,0.2304,0
2020,7,Supermarkets,Dim,<200G,0.0009,0.424558,0.0001,0
2020,7,Supermarkets,Dim,350-399G,0.0458,20.850142,0.016,0
2020,7,Supermarkets,Dim,400-599G,0.2691,140.824207,0.1131,0
2020,7,Supermarkets,White,<200G,1.5679,154.4753,0.2822,201
2020,8,Hypermarkets,Green,200-249G,14.4989,839.675037,3.0448,529
2020,8,Hypermarkets,Green,350-399G,52.6967,4545.647378,18.4438,697
2020,8,Hypermarkets,Green,400-599G,27.0943,2912.236932,13.5471,506
2020,8,Hypermarkets,Green,600-899G,0.011,2.343986,0.0082,5
2020,8,Hypermarkets,Blue,400-599G,15.9888,3144.032997,6.3956,580
2020,8,Hypermarkets,Black,200-249G,6.511,386.054146,1.4975,461
2020,8,Hypermarkets,Black,400-599G,2.0056,152.672372,0.9025,106
2020,8,Hypermarkets,Yellow,350-399G,8.5171,418.475559,3.0662,172
2020,8,Hypermarkets,Red,350-399G,2.522,373.798464,0.9331,153
2020,8,Hypermarkets,White,<200G,2.8443,284.902185,0.512,97
2020,8,Hypermarkets,Purple,400-599G,0.6974,127.709397,0.2789,187
2020,8,Hypermarkets,Orange,250-299G,0.0076,2.463735,0.0022,3
2020,8,Hypermarkets,Orange,400-599G,0.7316,88.74046,0.2927,116
2020,8,Hypermarkets,Lime,400-599G,0.2518,52.956799,0.1007,57
2020,8,Hypermarkets,Brown,<200G,0.2349,24.720427,0.0423,79
2020,8,Hypermarkets,Brown,400-599G,0.0802,9.577978,0.0321,40
2020,8,Minimarkets,Green,200-249G,61.301,3827.928427,12.8733,8388
2020,8,Minimarkets,Green,300-349G,0.0047,0.54729,0.0015,2
2020,8,Minimarkets,Green,350-399G,70.3388,6359.161149,24.6186,9467
2020,8,Minimarkets,Green,400-599G,5.8793,836.630462,2.9397,1318
2020,8,Minimarkets,Green,600-899G,0.3656,58.669398,0.2742,307
2020,8,Minimarkets,Blue,400-599G,8.3404,1734.232667,3.3361,1323
2020,8,Minimarkets,Yellow,350-399G,14.2728,797.208189,5.1383,2058
2020,8,Minimarkets,Black,200-249G,3.2773,258.942763,0.7538,1415
2020,8,Minimarkets,Black,400-599G,1.2451,129.596335,0.5604,250
2020,8,Minimarkets,Red,350-399G,1.1263,178.452502,0.4167,409
2020,8,Minimarkets,Grey,350-399G,0.5196,112.748627,0.1818,0
2020,8,Minimarkets,White,<200G,1.1651,103.196774,0.2097,256
2020,8,Minimarkets,Orange,250-299G,0.0091,3.297931,0.0025,4
2020,8,Minimarkets,Orange,400-599G,0.7014,85.608891,0.2805,397
2020,8,Minimarkets,Golden,350-399G,1.589,84.815141,0.5562,243
2020,8,Minimarkets,Pale,<200G,0.0665,22.486045,0.0126,0
2020,8,Minimarkets,Pale,400-599G,0.1584,50.11333,0.0635,0
2020,8,Supermarkets,Green,200-249G,119.2838,6709.745395,25.0496,11510
2020,8,Supermarkets,Green,350-399G,88.3211,7205.293469,30.9124,7827
2020,8,Supermarkets,Green,400-599G,9.9844,1220.229029,4.9923,1230
2020,8,Supermarkets,Green,600-899G,0.4328,66.266284,0.3246,117
2020,8,Supermarkets,Blue,400-599G,34.6937,6101.673406,13.8775,2016
2020,8,Supermarkets,Yellow,350-399G,31.6173,1907.523043,11.3822,1997
2020,8,Supermarkets,Black,200-249G,5.6584,363.135918,1.3014,1584
2020,8,Supermarkets,Black,400-599G,3.9685,436.589117,1.7858,872
2020,8,Supermarkets,Red,350-399G,2.5182,415.783864,0.9317,479
2020,8,Supermarkets,Deep,<200G,1.2499,347.719692,0.2374,91
2020,8,Supermarkets,Deep,350-399G,0.0308,9.360229,0.0109,6
2020,8,Supermarkets,Deep,400-599G,0.054,26.511486,0.027,41
2020,8,Supermarkets,Pale,<200G,0.0164,2.915876,0.0031,7
2020,8,Supermarkets,Pale,350-399G,0.0007,0.183668,0.0002,1
2020,8,Supermarkets,Pale,400-599G,1.1977,345.456599,0.4792,201
2020,8,Supermarkets,Dim,<200G,0.0005,0.235851,0.0001,0
2020,8,Supermarkets,Dim,350-399G,0.0491,21.17829,0.0172,0
2020,8,Supermarkets,Dim,400-599G,0.3095,161.393145,0.13,0
2020,8,Supermarkets,Vivid,<200G,0.2466,41.636364,0.0444,0
2020,8,Supermarkets,Vivid,350-399G,0.5598,128.825793,0.1959,0
2020,8,Supermarkets,White,<200G,1.442,152.140199,0.2596,190
2020,9,Hypermarkets,Green,200-249G,11.6793,692.956619,2.4527,532
2020,9,Hypermarkets,Green,350-399G,83.769,6512.425501,29.3192,710
2020,9,Hypermarkets,Green,400-599G,17.6986,2124.543597,8.8492,508
2020,9,Hypermarkets,Green,600-899G,0.0047,1.028076,0.0036,5
2020,9,Hypermarkets,Blue,400-599G,28.8596,4467.334807,11.5439,646
2020,9,Hypermarkets,Black,200-249G,6.6518,372.043144,1.5299,454
2020,9,Hypermarkets,Black,400-599G,0.5486,60.611304,0.2469,91
2020,9,Hypermarkets,Red,350-399G,2.4629,369.873609,0.9113,162
2020,9,Hypermarkets,Yellow,350-399G,5.6566,335.499881,2.0364,174
2020,9,Hypermarkets,White,<200G,2.7855,291.057245,0.5015,98
2020,9,Hypermarkets,Orange,250-299G,0.0043,1.373928,0.0013,3
2020,9,Hypermarkets,Orange,400-599G,0.7638,92.426348,0.3055,121
2020,9,Hypermarkets,Purple,400-599G,0.4745,93.170169,0.1898,181
2020,9,Hypermarkets,Lime,400-599G,0.242,51.531351,0.0967,47
2020,9,Hypermarkets,Pink,<200G,0.2164,35.386023,0.0411,0
2020,9,Hypermarkets,Pink,350-399G,0.0013,0.175645,0.0005,0
2020,9,Minimarkets,Green,200-249G,53.5782,3386.327367,11.2514,7789
2020,9,Minimarkets,Green,300-349G,0.0086,0.985176,0.0027,1
2020,9,Minimarkets,Green,350-399G,68.3218,6367.316132,23.9125,9323
2020,9,Minimarkets,Green,400-599G,5.7032,825.612183,2.8516,1288
2020,9,Minimarkets,Green,600-899G,0.3981,68.190552,0.2986,305
2020,9,Minimarkets,Blue,400-599G,9.4641,1951.666573,3.7857,1363
2020,9,Minimarkets,Yellow,350-399G,8.1878,600.12229,2.9476,1787
2020,9,Minimarkets,Black,200-249G,2.3518,180.630856,0.5409,1360
2020,9,Minimarkets,Black,400-599G,0.87,156.616257,0.3915,319
2020,9,Minimarkets,White,<200G,1.1543,102.778449,0.2078,259
2020,9,Minimarkets,Red,350-399G,0.6243,99.389678,0.231,234
2020,9,Minimarkets,Pale,<200G,0.0622,20.959746,0.0118,73
2020,9,Minimarkets,Pale,400-599G,0.1746,59.082552,0.0698,74
2020,9,Minimarkets,Grey,350-399G,0.2874,65.509333,0.1005,0
2020,9,Minimarkets,Pastel,250-299G,1.3202,62.586761,0.3697,830
2020,9,Minimarkets,Orange,250-299G,0.0022,0.854022,0.0006,2
2020,9,Minimarkets,Orange,400-599G,0.4761,55.913785,0.1904,334
2020,9,Supermarkets,Green,200-249G,137.4557,7628.51873,28.8657,11267
2020,9,Supermarkets,Green,350-399G,150.4766,11344.359734,52.6668,11891
2020,9,Supermarkets,Green,400-599G,9.1911,1138.447524,4.5955,1076
2020,9,Supermarkets,Green,600-899G,0.199,33.195005,0.1493,67
2020,9,Supermarkets,Blue,400-599G,27.316,5429.497506,10.9264,2225
2020,9,Supermarkets,Yellow,350-399G,26.433,1826.391006,9.5158,2081
2020,9,Supermarkets,Black,200-249G,5.6877,372.513254,1.3082,1505
2020,9,Supermarkets,Black,400-599G,1.856,283.975691,0.8352,847
2020,9,Supermarkets,Red,350-399G,2.9929,496.055713,1.1074,574
2020,9,Supermarkets,Deep,<200G,1.0918,304.052439,0.2073,86
2020,9,Supermarkets,Deep,350-399G,0.0356,9.524402,0.0125,8
2020,9,Supermarkets,Deep,400-599G,0.066,32.461528,0.033,53
2020,9,Supermarkets,Pale,<200G,0.0163,2.042558,0.0031,4
2020,9,Supermarkets,Pale,350-399G,0.0007,0.255941,0.0002,1
2020,9,Supermarkets,Pale,400-599G,1.0473,309.440934,0.4189,170
2020,9,Supermarkets,Vivid,<200G,0.3415,57.675272,0.0615,0
2020,9,Supermarkets,Vivid,350-399G,0.6851,159.264256,0.2398,0
2020,9,Supermarkets,Dim,<200G,0.0007,0.330204,0.0001,0
2020,9,Supermarkets,Dim,350-399G,0.0619,28.234317,0.0216,0
2020,9,Supermarkets,Dim,400-599G,0.2886,156.94971,0.1213,0
2020,9,Supermarkets,Moderate,<200G,0.0002,0.024798,0.0001,2
2020,9,Supermarkets,Moderate,350-399G,0.7629,151.892613,0.267,114
2020,10,Hypermarkets,Green,200-249G,11.8332,714.140479,2.485,536
2020,10,Hypermarkets,Green,350-399G,60.0832,5107.393573,21.0291,776
2020,10,Hypermarkets,Green,400-599G,49.1396,4853.057025,24.5699,513
2020,10,Hypermarkets,Green,600-899G,0.0046,1.010239,0.0035,4
2020,10,Hypermarkets,Blue,200-249G,0.0014,0.155886,0.0003,2
2020,10,Hypermarkets,Blue,400-599G,33.0503,5290.42563599999,13.2201,649
2020,10,Hypermarkets,Black,200-249G,7.4771,414.764541,1.7197,469
2020,10,Hypermarkets,Black,400-599G,0.9903,126.79139,0.4456,273
2020,10,Hypermarkets,Yellow,350-399G,9.4438,458.541928,3.3997,171
2020,10,Hypermarkets,Red,350-399G,2.7065,367.066608,1.0014,167
2020,10,Hypermarkets,White,<200G,2.7049,285.144203,0.4869,101
2020,10,Hypermarkets,Purple,400-599G,0.5902,116.502147,0.2361,209
2020,10,Hypermarkets,Orange,250-299G,0.0085,2.76735,0.0024,2
2020,10,Hypermarkets,Orange,400-599G,0.866,105.254914,0.3464,118
2020,10,Hypermarkets,Lime,400-599G,0.3019,52.337633,0.1207,57
2020,10,Hypermarkets,Pink,<200G,0.2288,36.775135,0.0435,0
2020,10,Hypermarkets,Pink,350-399G,0.0013,0.185591,0.0005,0
2020,10,Minimarkets,Green,200-249G,63.946,3988.521059,13.4286,9001
2020,10,Minimarkets,Green,350-399G,68.5442,6497.563792,23.9904,9709
2020,10,Minimarkets,Green,400-599G,7.1943,1051.550903,3.5971,1303
2020,10,Minimarkets,Green,600-899G,0.3737,60.48214,0.2803,252
2020,10,Minimarkets,Blue,400-599G,9.9453,2087.819981,3.978,1419
2020,10,Minimarkets,Yellow,350-399G,18.3968,987.116457,6.6228,1872
2020,10,Minimarkets,Black,200-249G,2.4861,194.282214,0.5718,1454
2020,10,Minimarkets,Black,400-599G,0.6058,109.808417,0.2726,275
2020,10,Minimarkets,Golden,350-399G,2.9654,165.082083,1.0379,249
2020,10,Minimarkets,Red,350-399G,0.768,129.934828,0.2841,201
2020,10,Minimarkets,White,<200G,1.1305,100.544796,0.2034,177
2020,10,Minimarkets,Pale,<200G,0.0634,21.322639,0.0121,0
2020,10,Minimarkets,Pale,400-599G,0.1881,65.471207,0.0753,0
2020,10,Minimarkets,Grey,350-399G,0.3189,70.952597,0.1117,0
2020,10,Minimarkets,Orange,250-299G,0.0016,0.643301,0.0005,2
2020,10,Minimarkets,Orange,400-599G,0.5194,68.15899,0.2077,270
2020,10,Supermarkets,Green,200-249G,131.0205,7190.91765,27.5144,11485
2020,10,Supermarkets,Green,350-399G,124.6685,10831.853884,43.634,14382
2020,10,Supermarkets,Green,400-599G,14.8151,1659.957871,7.4076,1165
2020,10,Supermarkets,Green,600-899G,0.1368,24.417541,0.1026,52
2020,10,Supermarkets,Blue,400-599G,37.4777,6614.209094,14.9911,1918
2020,10,Supermarkets,Yellow,350-399G,28.3202,1773.875739,10.1952,2129
2020,10,Supermarkets,Black,200-249G,7.1822,465.369331,1.6519,1585
2020,10,Supermarkets,Black,400-599G,2.5769,433.62192,1.1595,1206
2020,10,Supermarkets,Deep,<200G,1.6569,472.904088,0.3148,94
2020,10,Supermarkets,Deep,350-399G,0.0193,5.671158,0.0067,7
2020,10,Supermarkets,Deep,400-599G,0.0571,27.713615,0.0286,47
2020,10,Supermarkets,Red,350-399G,2.4586,381.161355,0.9097,584
2020,10,Supermarkets,Pale,<200G,0.0027,0.563204,0.0005,4
2020,10,Supermarkets,Pale,350-399G,0.0033,1.279707,0.0012,2
2020,10,Supermarkets,Pale,400-599G,1.0029,318.321438,0.4013,151
2020,10,Supermarkets,Vivid,<200G,0.3611,62.499038,0.065,0
2020,10,Supermarkets,Vivid,350-399G,0.6881,160.841014,0.2408,0
2020,10,Supermarkets,Dim,350-399G,0.0674,31.004518,0.0235,0
2020,10,Supermarkets,Dim,400-599G,0.3391,184.796269,0.1424,0
2020,10,Supermarkets,Moderate,350-399G,0.8681,172.280999,0.3039,121
2020,11,Hypermarkets,Green,200-249G,11.162,693.523204,2.3441,539
2020,11,Hypermarkets,Green,350-399G,101.5784,8077.51338,35.5525,794
2020,11,Hypermarkets,Green,400-599G,33.7729,3444.500996,16.8864,551
2020,11,Hypermarkets,Green,600-899G,0.0013,0.284586,0.001,1
2020,11,Hypermarkets,Blue,200-249G,0.0276,3.023822,0.0055,4
2020,11,Hypermarkets,Blue,400-599G,26.7345,4384.797147,10.694,645
2020,11,Hypermarkets,Black,200-249G,4.8132,319.938974,1.107,476
2020,11,Hypermarkets,Black,400-599G,1.108,174.651043,0.4987,314
2020,11,Hypermarkets,Yellow,350-399G,4.9585,300.082495,1.7851,175
2020,11,Hypermarkets,White,<200G,2.7119,283.880144,0.4881,103
2020,11,Hypermarkets,Red,350-399G,1.8088,249.376456,0.6694,160
2020,11,Hypermarkets,Orange,250-299G,0.0093,2.947238,0.0026,3
2020,11,Hypermarkets,Orange,400-599G,0.9145,111.772602,0.3658,123
2020,11,Hypermarkets,Purple,400-599G,0.4599,98.216326,0.1839,194
2020,11,Hypermarkets,Lime,400-599G,0.3055,50.607907,0.1222,61
2020,11,Hypermarkets,Pink,<200G,0.2297,39.360475,0.0436,0
2020,11,Hypermarkets,Pink,350-399G,0.0023,0.327685,0.0009,0
2020,11,Minimarkets,Green,200-249G,57.4102,3619.51712,12.0561,8353
2020,11,Minimarkets,Green,350-399G,66.7912,6207.010473,23.3769,9988
2020,11,Minimarkets,Green,400-599G,4.9462,718.497848,2.4733,1295
2020,11,Minimarkets,Green,600-899G,0.3836,63.470422,0.2877,292
2020,11,Minimarkets,Blue,200-249G,0.0038,0.441797,0.0007,1
2020,11,Minimarkets,Blue,400-599G,9.3494,1891.763815,3.7399,1070
2020,11,Minimarkets,Yellow,350-399G,8.8801,646.056945,3.1968,1860
2020,11,Minimarkets,Black,200-249G,2.4161,198.720344,0.5557,1520
2020,11,Minimarkets,Black,400-599G,0.6422,111.463019,0.289,362
2020,11,Minimarkets,White,<200G,2.8004,304.455579,0.5041,257
2020,11,Minimarkets,Pale,<200G,0.0925,30.896572,0.0176,0
2020,11,Minimarkets,Pale,400-599G,0.3198,103.77125,0.128,0
2020,11,Minimarkets,Red,350-399G,0.7291,122.897301,0.2697,195
2020,11,Minimarkets,Golden,350-399G,1.5109,96.602635,0.5288,245
2020,11,Minimarkets,Orange,250-299G,0.0042,1.544666,0.0012,4
2020,11,Minimarkets,Orange,400-599G,0.4997,65.708517,0.1999,272
2020,11,Minimarkets,Vivid,<200G,0.0325,5.813849,0.0058,0
2020,11,Minimarkets,Vivid,350-399G,0.2228,51.098505,0.078,0
2020,11,Supermarkets,Green,200-249G,79.3713,5005.155319,16.668,10435
2020,11,Supermarkets,Green,350-399G,157.7923,13396.308067,55.2272,15696
2020,11,Supermarkets,Green,400-599G,11.558,1290.956385,5.779,1071
2020,11,Supermarkets,Green,600-899G,0.0867,15.436583,0.065,51
2020,11,Supermarkets,Blue,200-249G,0.0027,0.327685,0.0005,2
2020,11,Supermarkets,Blue,400-599G,41.1747,7167.156142,16.47,1973
2020,11,Supermarkets,Yellow,350-399G,18.7049,1373.506643,6.7338,2071
2020,11,Supermarkets,Black,200-249G,5.5669,347.846203,1.2804,1415
2020,11,Supermarkets,Black,400-599G,3.2636,537.942316,1.4686,1914
2020,11,Supermarkets,Deep,<200G,1.7462,471.874421,0.3317,99
2020,11,Supermarkets,Deep,350-399G,0.0338,7.738316,0.0119,8
2020,11,Supermarkets,Deep,400-599G,0.0712,35.070207,0.0356,50
2020,11,Supermarkets,Red,350-399G,3.1013,405.385216,1.1475,432
2020,11,Supermarkets,Pale,<200G,0.0007,0.242017,0.0001,2
2020,11,Supermarkets,Pale,350-399G,0.0018,0.694689,0.0006,1
2020,11,Supermarkets,Pale,400-599G,0.9728,287.265068,0.3892,150
2020,11,Supermarkets,Vivid,<200G,0.3825,68.448018,0.0688,80
2020,11,Supermarkets,Vivid,350-399G,1.0277,215.005711,0.3597,86
2020,11,Supermarkets,Dim,<200G,0.0025,1.226463,0.0005,0
2020,11,Supermarkets,Dim,350-399G,0.0711,30.765021,0.0249,0
2020,11,Supermarkets,Dim,400-599G,0.3586,194.894285,0.1506,0
2020,11,Supermarkets,Beige,200-249G,0.143,65.889532,0.0286,0
2020,11,Supermarkets,Beige,350-399G,0.3131,155.941725,0.1096,0
2020,12,Hypermarkets,Green,200-249G,12.7002,789.227923,2.667,543
2020,12,Hypermarkets,Green,350-399G,69.8036,5995.252831,24.4312,795
2020,12,Hypermarkets,Green,400-599G,40.6086,3857.811179,20.3044,568
2020,12,Hypermarkets,Green,600-899G,0.0029,0.233663,0.0022,2
2020,12,Hypermarkets,Blue,200-249G,0.0399,4.374675,0.008,5
2020,12,Hypermarkets,Blue,400-599G,40.6675,5995.073407,16.2671,658
2020,12,Hypermarkets,Black,200-249G,9.7943,542.253537,2.2527,466
2020,12,Hypermarkets,Black,400-599G,1.4949,208.699739,0.6727,341
2020,12,Hypermarkets,Black,600-899G,0.0007,0.125915,0.0004,1
2020,12,Hypermarkets,White,<200G,2.8291,306.535534,0.5092,103
2020,12,Hypermarkets,Yellow,350-399G,4.4035,282.294567,1.5853,225
2020,12,Hypermarkets,Red,350-399G,1.1942,162.468894,0.4419,133
2020,12,Hypermarkets,Orange,250-299G,0.0048,1.588229,0.0014,3
2020,12,Hypermarkets,Orange,400-599G,0.9457,117.209566,0.3783,119
2020,12,Hypermarkets,Purple,400-599G,0.4026,87.407708,0.1611,202
2020,12,Hypermarkets,Pink,<200G,0.2968,50.525289,0.0564,0
2020,12,Hypermarkets,Pink,350-399G,0.005,0.61837,0.002,0
2020,12,Hypermarkets,Lime,400-599G,0.2248,41.788139,0.0899,60
2020,12,Minimarkets,Green,200-249G,74.8629,4235.577133,15.7212,8742
2020,12,Minimarkets,Green,350-399G,44.2276,4566.001749,15.4797,8900
2020,12,Minimarkets,Green,400-599G,5.0658,764.229077,2.533,869
2020,12,Minimarkets,Green,600-899G,0.2796,45.269075,0.2097,178
2020,12,Minimarkets,Blue,200-249G,0.0121,1.127402,0.0025,2
2020,12,Minimarkets,Blue,400-599G,6.5758,1391.71104,2.6303,939
2020,12,Minimarkets,Yellow,350-399G,7.557,574.505007,2.7206,1595
2020,12,Minimarkets,Black,200-249G,3.0648,238.161845,0.7049,1181
2020,12,Minimarkets,Black,400-599G,0.667,117.184238,0.3002,439
2020,12,Minimarkets,Red,350-399G,1.0039,159.756048,0.3714,460
2020,12,Minimarkets,White,<200G,1.5923,134.403459,0.2866,220
2020,12,Minimarkets,Golden,350-399G,0.6812,60.933021,0.2384,223
2020,12,Minimarkets,Vivid,<200G,0.0372,6.713224,0.0067,0
2020,12,Minimarkets,Vivid,350-399G,0.1953,45.258333,0.0684,0
2020,12,Minimarkets,Orange,250-299G,0.0029,1.11613,0.0008,2
2020,12,Minimarkets,Orange,400-599G,0.3372,35.861902,0.1349,212
2020,12,Minimarkets,Salmon,350-399G,0.5115,35.519099,0.1867,0
2020,12,Supermarkets,Green,200-249G,124.8704,7039.56404,26.2228,11727
2020,12,Supermarkets,Green,350-399G,110.6414,10476.185686,38.7245,15236
2020,12,Supermarkets,Green,400-599G,9.7353,1248.6311,4.8675,1006
2020,12,Supermarkets,Green,600-899G,0.0755,12.065848,0.0566,45
2020,12,Supermarkets,Blue,200-249G,0.004,0.49345,0.0008,2
2020,12,Supermarkets,Blue,400-599G,24.9785,4973.572214,9.9914,1907
2020,12,Supermarkets,Yellow,350-399G,18.1118,1362.937588,6.5203,2078
2020,12,Supermarkets,Black,200-249G,5.1247,297.628508,1.1787,1031
2020,12,Supermarkets,Black,300-349G,0.0078,0.852696,0.0023,9
2020,12,Supermarkets,Black,400-599G,6.2071,923.409919,2.7931,2067
2020,12,Supermarkets,Deep,<200G,1.2878,365.322427,0.2448,107
2020,12,Supermarkets,Deep,350-399G,0.0215,5.839443,0.0075,8
2020,12,Supermarkets,Deep,400-599G,0.0856,42.079687,0.0428,56
2020,12,Supermarkets,Red,350-399G,2.1985,309.219405,0.8134,511
2020,12,Supermarkets,Dim,<200G,0.0002,0.094354,0.0001,0
2020,12,Supermarkets,Dim,350-399G,0.084,33.376419,0.0294,0
2020,12,Supermarkets,Dim,400-599G,0.4299,232.877716,0.1805,0
2020,12,Supermarkets,Vivid,<200G,0.3527,63.560267,0.0635,81
2020,12,Supermarkets,Vivid,350-399G,0.7694,174.461142,0.2693,87
2020,12,Supermarkets,Pale,350-399G,0.0002,0.073136,0.0001,1
2020,12,Supermarkets,Pale,400-599G,0.6204,191.647874,0.2481,124
2020,12,Supermarkets,Beige,200-249G,0.0765,35.958112,0.0153,0
2020,12,Supermarkets,Beige,350-399G,0.2849,140.160417,0.0997,0
2020,,,,400-599G,100000,100000,100000,100000
2020,,,,<200G,100000,100000,100000,100000
2020,,,,350-399G,100000,100000,100000,100000
2020,,,,400-599G,100000,100000,100000,100000
2020,,,,200-249G,100000,100000,100000,100000
2020,,,,350-399G,100000,100000,100000,100000
2020,,,,400-599G,100000,100000,100000,100000
2020,,,,600-899G,100000,100000,100000,100000
2020,,,,200-249G,100000,100000,100000,100000
2020,,,,400-599G,100000,100000,100000,100000
2020,,,,<200G,100000,100000,100000,100000
2020,,,,350-399G,100000,100000,100000,100000
2020,,,,350-399G,100000,100000,100000,100000
2020,,,,400-599G,100000,100000,100000,100000
2020,,,,200-249G,100000,100000,100000,100000
2020,,,,350-399G,100000,100000,100000,100000
2020,10,Hypermarkets,Green,100-199G,0.7753,41.856,0.155,13
2020,10,Minimarkets,Green,100-199G,1.2062,76.9093,0.2412,367
2020,10,Supermarkets,Green,100-199G,2.4604,151.083,0.4921,271
2020,11,Hypermarkets,Green,100-199G,2.4715,173.9148,0.4943,170
2020,11,Minimarkets,Green,100-199G,17.7682,1109.3931,3.5537,1713
2020,11,Supermarkets,Green,100-199G,18.8734,1317.4916,3.7747,1607
2020,12,Hypermarkets,Green,100-199G,36.9079,2267.3183,7.3816,468
2020,12,Minimarkets,Green,100-199G,20.2285,1371.255,4.0456,1889
2020,12,Supermarkets,Green,100-199G,40.6617,2642.1648,8.1324,2079
2019,1,Hypermarkets,Green,350-399G,100,10000,1000,N/A
2019,1,Hypermarkets,Green,400-599G,100,10000,1000,N/A
2019,1,Hypermarkets,Green,600-899G,100,10000,1000,N/A
2019,1,Hypermarkets,Blue,400-599G,100,10000,1000,N/A
2019,1,Hypermarkets,Black,200-249G,100,10000,1000,N/A
2019,1,Hypermarkets,Black,400-599G,100,10000,1000,N/A
2019,1,Hypermarkets,White,<200G,100,10000,1000,N/A
2019,1,Hypermarkets,Purple,400-599G,100,10000,1000,N/A
2019,1,Hypermarkets,Brown,200-249G,100,10000,1000,N/A
2019,1,Hypermarkets,Brown,400-599G,100,10000,1000,N/A
2019,1,Hypermarkets,Silver,400-599G,100,10000,1000,N/A
2019,1,Hypermarkets,Orange,250-299G,100,10000,1000,N/A
2019,1,Hypermarkets,Orange,400-599G,100,10000,1000,N/A
2019,1,Hypermarkets,Pink,<200G,100,10000,1000,N/A
2019,1,Minimarkets,Green,300-349G,100,10000,1000,N/A
2019,1,Minimarkets,Green,350-399G,100,10000,1000,N/A
2019,1,Minimarkets,Green,400-599G,100,10000,1000,N/A
2019,1,Minimarkets,Green,600-899G,100,10000,1000,N/A
2019,1,Minimarkets,Blue,400-599G,100,10000,1000,N/A
2019,1,Minimarkets,Black,200-249G,100,10000,1000,N/A
2019,1,Minimarkets,Black,400-599G,100,10000,1000,N/A
2019,1,Minimarkets,Yellow,350-399G,100,10000,1000,N/A
2019,1,Minimarkets,White,<200G,100,10000,1000,N/A
2019,1,Minimarkets,Mat,400-599G,100,10000,1000,N/A
2019,1,Minimarkets,Pastel,250-299G,100,10000,1000,N/A
2019,1,Minimarkets,Orange,400-599G,100,10000,1000,N/A
2019,1,Supermarkets,Green,300-349G,100,10000,1000,N/A
2019,1,Supermarkets,Green,350-399G,100,10000,1000,N/A
2019,1,Supermarkets,Green,400-599G,100,10000,1000,N/A
2019,1,Supermarkets,Green,600-899G,100,10000,1000,N/A
2019,1,Supermarkets,Blue,400-599G,100,10000,1000,N/A
2019,1,Supermarkets,Black,200-249G,100,10000,1000,N/A
2019,1,Supermarkets,Black,300-349G,100,10000,1000,N/A
2019,1,Supermarkets,Black,400-599G,100,10000,1000,N/A
2019,1,Supermarkets,Yellow,350-399G,100,10000,1000,N/A
2019,1,Supermarkets,Pale,<200G,100,10000,1000,N/A
2019,1,Supermarkets,Pale,400-599G,100,10000,1000,N/A
2019,1,Supermarkets,Dim,<200G,100,10000,1000,N/A
2019,1,Supermarkets,Dim,350-399G,100,10000,1000,N/A
2019,1,Supermarkets,Dim,400-599G,100,10000,1000,N/A
2019,1,Supermarkets,Cream,<200G,100,10000,1000,N/A
2019,1,Supermarkets,Cream,250-299G,100,10000,1000,N/A
2019,1,Supermarkets,Cream,400-599G,100,10000,1000,N/A
2019,1,Supermarkets,Deep,<200G,100,10000,1000,N/A
2019,1,Supermarkets,Deep,350-399G,100,10000,1000,N/A
2019,1,Supermarkets,Deep,400-599G,100,10000,1000,N/A
2019,1,Supermarkets,White,<200G,100,10000,1000,N/A
2019,2,Hypermarkets,Green,350-399G,100,10000,1000,N/A
2019,2,Hypermarkets,Green,400-599G,100,10000,1000,N/A
2019,2,Hypermarkets,Green,600-899G,100,10000,1000,N/A
2019,2,Hypermarkets,Blue,400-599G,100,10000,1000,N/A
2019,2,Hypermarkets,Black,200-249G,100,10000,1000,N/A
2019,2,Hypermarkets,Black,400-599G,100,10000,1000,N/A
2019,2,Hypermarkets,Black,600-899G,100,10000,1000,N/A
2019,2,Hypermarkets,White,<200G,100,10000,1000,N/A
2019,2,Hypermarkets,Purple,400-599G,100,10000,1000,N/A
2019,2,Hypermarkets,Silver,400-599G,100,10000,1000,N/A
2019,2,Hypermarkets,Brown,200-249G,100,10000,1000,N/A
2019,2,Hypermarkets,Brown,400-599G,100,10000,1000,N/A
2019,2,Hypermarkets,Yellow,350-399G,100,10000,1000,N/A
2019,2,Hypermarkets,Pink,<200G,100,10000,1000,N/A
2019,2,Minimarkets,Green,300-349G,100,10000,1000,N/A
2019,2,Minimarkets,Green,350-399G,100,10000,1000,N/A
2019,2,Minimarkets,Green,400-599G,100,10000,1000,N/A
2019,2,Minimarkets,Green,600-899G,100,10000,1000,N/A
2019,2,Minimarkets,Blue,400-599G,100,10000,1000,N/A
2019,2,Minimarkets,Yellow,350-399G,100,10000,1000,N/A
2019,2,Minimarkets,Black,200-249G,100,10000,1000,N/A
2019,2,Minimarkets,Black,400-599G,100,10000,1000,N/A
2019,2,Minimarkets,White,<200G,100,10000,1000,N/A
2019,2,Minimarkets,Pastel,250-299G,100,10000,1000,N/A
2019,2,Minimarkets,Mat,400-599G,100,10000,1000,N/A
2019,2,Minimarkets,Orange,400-599G,100,10000,1000,N/A
2019,2,Supermarkets,Green,300-349G,100,10000,1000,N/A
2019,2,Supermarkets,Green,350-399G,100,10000,1000,N/A
2019,2,Supermarkets,Green,400-599G,100,10000,1000,N/A
2019,2,Supermarkets,Green,600-899G,100,10000,1000,N/A
2019,2,Supermarkets,Blue,400-599G,100,10000,1000,N/A
2019,2,Supermarkets,Black,200-249G,100,10000,1000,N/A
2019,2,Supermarkets,Black,400-599G,100,10000,1000,N/A
2019,2,Supermarkets,Yellow,350-399G,100,10000,1000,N/A
2019,2,Supermarkets,Pale,<200G,100,10000,1000,N/A
2019,2,Supermarkets,Pale,400-599G,100,10000,1000,N/A
2019,2,Supermarkets,Dim,<200G,100,10000,1000,N/A
2019,2,Supermarkets,Dim,350-399G,100,10000,1000,N/A
2019,2,Supermarkets,Dim,400-599G,100,10000,1000,N/A
2019,2,Supermarkets,Cream,<200G,100,10000,1000,N/A
2019,2,Supermarkets,Cream,250-299G,100,10000,1000,N/A
2019,2,Supermarkets,Cream,400-599G,100,10000,1000,N/A
2019,2,Supermarkets,Deep,<200G,100,10000,1000,N/A
2019,2,Supermarkets,Deep,350-399G,100,10000,1000,N/A
2019,2,Supermarkets,Deep,400-599G,100,10000,1000,N/A
2019,2,Supermarkets,Beige,200-249G,100,10000,1000,N/A
2019,2,Supermarkets,Beige,350-399G,100,10000,1000,N/A
2019,3,Hypermarkets,Green,200-249G,100,10000,1000,N/A
2019,3,Hypermarkets,Green,350-399G,100,10000,1000,N/A
2019,3,Hypermarkets,Green,400-599G,100,10000,1000,N/A
2019,3,Hypermarkets,Green,600-899G,100,10000,1000,N/A
2019,3,Hypermarkets,Blue,400-599G,100,10000,1000,N/A
2019,3,Hypermarkets,Black,200-249G,100,10000,1000,N/A
2019,3,Hypermarkets,Black,400-599G,100,10000,1000,N/A
2019,3,Hypermarkets,Black,600-899G,100,10000,1000,N/A
2019,3,Hypermarkets,White,<200G,100,10000,1000,N/A
2019,3,Hypermarkets,Yellow,350-399G,100,10000,1000,N/A
2019,3,Hypermarkets,Purple,400-599G,100,10000,1000,N/A
2019,3,Hypermarkets,Silver,400-599G,100,10000,1000,N/A
2019,3,Hypermarkets,Brown,200-249G,100,10000,1000,N/A
2019,3,Hypermarkets,Brown,400-599G,100,10000,1000,N/A
2019,3,Hypermarkets,Pink,<200G,100,10000,1000,N/A
2019,3,Minimarkets,Green,200-249G,100,10000,1000,N/A
2019,3,Minimarkets,Green,350-399G,100,10000,1000,N/A
2019,3,Minimarkets,Green,400-599G,100,10000,1000,N/A
2019,3,Minimarkets,Green,600-899G,100,10000,1000,N/A
2019,3,Minimarkets,Blue,400-599G,100,10000,1000,N/A
2019,3,Minimarkets,Yellow,350-399G,100,10000,1000,N/A
2019,3,Minimarkets,Black,200-249G,100,10000,1000,N/A
2019,3,Minimarkets,Black,400-599G,100,10000,1000,N/A
2019,3,Minimarkets,White,<200G,100,10000,1000,N/A
2019,3,Minimarkets,Pastel,250-299G,100,10000,1000,N/A
2019,3,Minimarkets,Orange,400-599G,100,10000,1000,N/A
2019,3,Minimarkets,Purple,400-599G,100,10000,1000,N/A
2019,3,Minimarkets,Silver,400-599G,100,10000,1000,N/A
2019,3,Supermarkets,Green,200-249G,100,10000,1000,N/A
2019,3,Supermarkets,Green,300-349G,100,10000,1000,N/A
2019,3,Supermarkets,Green,350-399G,100,10000,1000,N/A
2019,3,Supermarkets,Green,400-599G,100,10000,1000,N/A
2019,3,Supermarkets,Green,600-899G,100,10000,1000,N/A
2019,3,Supermarkets,Blue,400-599G,100,10000,1000,N/A
2019,3,Supermarkets,Black,200-249G,100,10000,1000,N/A
2019,3,Supermarkets,Black,400-599G,100,10000,1000,N/A
2019,3,Supermarkets,Yellow,350-399G,100,10000,1000,N/A
2019,3,Supermarkets,Cream,<200G,100,10000,1000,N/A
2019,3,Supermarkets,Cream,250-299G,100,10000,1000,N/A
2019,3,Supermarkets,Cream,400-599G,100,10000,1000,N/A
2019,3,Supermarkets,Pale,<200G,100,10000,1000,N/A
2019,3,Supermarkets,Pale,400-599G,100,10000,1000,N/A
2019,3,Supermarkets,Deep,<200G,100,10000,1000,N/A
2019,3,Supermarkets,Deep,350-399G,100,10000,1000,N/A
2019,3,Supermarkets,Deep,400-599G,100,10000,1000,N/A
2019,3,Supermarkets,Dim,<200G,100,10000,1000,N/A
2019,3,Supermarkets,Dim,350-399G,100,10000,1000,N/A
2019,3,Supermarkets,Dim,400-599G,100,10000,1000,N/A
2019,3,Supermarkets,Orange,250-299G,100,10000,1000,N/A
2019,3,Supermarkets,Orange,300-349G,100,10000,1000,N/A
2019,3,Supermarkets,Orange,400-599G,100,10000,1000,N/A
2019,4,Hypermarkets,Green,200-249G,100,10000,1000,N/A
2019,4,Hypermarkets,Green,350-399G,100,10000,1000,N/A
2019,4,Hypermarkets,Green,400-599G,100,10000,1000,N/A
2019,4,Hypermarkets,Green,600-899G,100,10000,1000,N/A
2019,4,Hypermarkets,Blue,400-599G,100,10000,1000,N/A
2019,4,Hypermarkets,Black,200-249G,100,10000,1000,N/A
2019,4,Hypermarkets,Black,400-599G,100,10000,1000,N/A
2019,4,Hypermarkets,Black,600-899G,100,10000,1000,N/A
2019,4,Hypermarkets,White,<200G,100,10000,1000,N/A
2019,4,Hypermarkets,Purple,400-599G,100,10000,1000,N/A
2019,4,Hypermarkets,Silver,400-599G,100,10000,1000,N/A
2019,4,Hypermarkets,Pink,<200G,100,10000,1000,N/A
2019,4,Hypermarkets,Brown,200-249G,100,10000,1000,N/A
2019,4,Hypermarkets,Brown,400-599G,100,10000,1000,N/A
2019,4,Hypermarkets,Yellow,350-399G,100,10000,1000,N/A
2019,4,Minimarkets,Green,200-249G,100,10000,1000,N/A
2019,4,Minimarkets,Green,300-349G,100,10000,1000,N/A
2019,4,Minimarkets,Green,350-399G,100,10000,1000,N/A
2019,4,Minimarkets,Green,400-599G,100,10000,1000,N/A
2019,4,Minimarkets,Green,600-899G,100,10000,1000,N/A
2019,4,Minimarkets,Blue,400-599G,100,10000,1000,N/A
2019,4,Minimarkets,Yellow,350-399G,100,10000,1000,N/A
2019,4,Minimarkets,Black,200-249G,100,10000,1000,N/A
2019,4,Minimarkets,Black,400-599G,100,10000,1000,N/A
2019,4,Minimarkets,White,<200G,100,10000,1000,N/A
2019,4,Minimarkets,Pastel,250-299G,100,10000,1000,N/A
2019,4,Minimarkets,Deep,<200G,100,10000,1000,N/A
2019,4,Minimarkets,Deep,350-399G,100,10000,1000,N/A
2019,4,Minimarkets,Deep,400-599G,100,10000,1000,N/A
2019,4,Minimarkets,Mat,400-599G,100,10000,1000,N/A
2019,4,Supermarkets,Green,200-249G,100,10000,1000,N/A
2019,4,Supermarkets,Green,350-399G,100,10000,1000,N/A
2019,4,Supermarkets,Green,400-599G,100,10000,1000,N/A
2019,4,Supermarkets,Green,600-899G,100,10000,1000,N/A
2019,4,Supermarkets,Blue,400-599G,100,10000,1000,N/A
2019,4,Supermarkets,Black,200-249G,100,10000,1000,N/A
2019,4,Supermarkets,Black,400-599G,100,10000,1000,N/A
2019,4,Supermarkets,Pale,<200G,100,10000,1000,N/A
2019,4,Supermarkets,Pale,400-599G,100,10000,1000,N/A
2019,4,Supermarkets,Yellow,350-399G,100,10000,1000,N/A
2019,4,Supermarkets,Cream,<200G,100,10000,1000,N/A
2019,4,Supermarkets,Cream,250-299G,100,10000,1000,N/A
2019,4,Supermarkets,Cream,400-599G,100,10000,1000,N/A
2019,4,Supermarkets,Deep,<200G,100,10000,1000,N/A
2019,4,Supermarkets,Deep,350-399G,100,10000,1000,N/A
2019,4,Supermarkets,Deep,400-599G,100,10000,1000,N/A
2019,4,Supermarkets,White,<200G,100,10000,1000,N/A
2019,4,Supermarkets,Orange,250-299G,100,10000,1000,N/A
2019,4,Supermarkets,Orange,400-599G,100,10000,1000,N/A
2019,5,Hypermarkets,Green,200-249G,100,10000,1000,N/A
2019,5,Hypermarkets,Green,350-399G,100,10000,1000,N/A
2019,5,Hypermarkets,Green,400-599G,100,10000,1000,N/A
2019,5,Hypermarkets,Green,600-899G,100,10000,1000,N/A
2019,5,Hypermarkets,Blue,400-599G,100,10000,1000,N/A
2019,5,Hypermarkets,Black,200-249G,100,10000,1000,N/A
2019,5,Hypermarkets,Black,400-599G,100,10000,1000,N/A
2019,5,Hypermarkets,White,<200G,100,10000,1000,N/A
2019,5,Hypermarkets,Purple,400-599G,100,10000,1000,N/A
2019,5,Hypermarkets,Yellow,350-399G,100,10000,1000,N/A
2019,5,Hypermarkets,Deep,<200G,100,10000,1000,N/A
2019,5,Hypermarkets,Deep,350-399G,100,10000,1000,N/A
2019,5,Hypermarkets,Deep,400-599G,100,10000,1000,N/A
2019,5,Hypermarkets,Brown,200-249G,100,10000,1000,N/A
2019,5,Hypermarkets,Brown,400-599G,100,10000,1000,N/A
2019,5,Hypermarkets,Pink,<200G,100,10000,1000,N/A
2019,5,Minimarkets,Green,200-249G,100,10000,1000,N/A
2019,5,Minimarkets,Green,350-399G,100,10000,1000,N/A
2019,5,Minimarkets,Green,400-599G,100,10000,1000,N/A
2019,5,Minimarkets,Green,600-899G,100,10000,1000,N/A
2019,5,Minimarkets,Blue,400-599G,100,10000,1000,N/A
2019,5,Minimarkets,Yellow,350-399G,100,10000,1000,N/A
2019,5,Minimarkets,Black,200-249G,100,10000,1000,N/A
2019,5,Minimarkets,Black,400-599G,100,10000,1000,N/A
2019,5,Minimarkets,White,<200G,100,10000,1000,N/A
2019,5,Minimarkets,Mat,400-599G,100,10000,1000,N/A
2019,5,Minimarkets,Deep,<200G,100,10000,1000,N/A
2019,5,Minimarkets,Deep,350-399G,100,10000,1000,N/A
2019,5,Minimarkets,Deep,400-599G,100,10000,1000,N/A
2019,5,Minimarkets,Pastel,250-299G,100,10000,1000,N/A
2019,5,Minimarkets,Pale,<200G,100,10000,1000,N/A
2019,5,Minimarkets,Pale,400-599G,100,10000,1000,N/A
2019,5,Supermarkets,Green,200-249G,100,10000,1000,N/A
2019,5,Supermarkets,Green,350-399G,100,10000,1000,N/A
2019,5,Supermarkets,Green,400-599G,100,10000,1000,N/A
2019,5,Supermarkets,Green,600-899G,100,10000,1000,N/A
2019,5,Supermarkets,Blue,400-599G,100,10000,1000,N/A
2019,5,Supermarkets,Yellow,350-399G,100,10000,1000,N/A
2019,5,Supermarkets,Black,200-249G,100,10000,1000,N/A
2019,5,Supermarkets,Black,400-599G,100,10000,1000,N/A
2019,5,Supermarkets,Pale,<200G,100,10000,1000,N/A
2019,5,Supermarkets,Pale,400-599G,100,10000,1000,N/A
2019,5,Supermarkets,Cream,<200G,100,10000,1000,N/A
2019,5,Supermarkets,Cream,250-299G,100,10000,1000,N/A
2019,5,Supermarkets,Cream,400-599G,100,10000,1000,N/A
2019,5,Supermarkets,Deep,<200G,100,10000,1000,N/A
2019,5,Supermarkets,Deep,350-399G,100,10000,1000,N/A
2019,5,Supermarkets,Deep,400-599G,100,10000,1000,N/A
2019,5,Supermarkets,White,<200G,100,10000,1000,N/A
2019,5,Supermarkets,Dim,<200G,100,10000,1000,N/A
2019,5,Supermarkets,Dim,350-399G,100,10000,1000,N/A
2019,5,Supermarkets,Dim,400-599G,100,10000,1000,N/A
2019,6,Hypermarkets,Green,200-249G,100,10000,1000,N/A
2019,6,Hypermarkets,Green,350-399G,100,10000,1000,N/A
2019,6,Hypermarkets,Green,400-599G,100,10000,1000,N/A
2019,6,Hypermarkets,Green,600-899G,100,10000,1000,N/A
2019,6,Hypermarkets,Blue,400-599G,100,10000,1000,N/A
2019,6,Hypermarkets,Black,200-249G,100,10000,1000,N/A
2019,6,Hypermarkets,Black,400-599G,100,10000,1000,N/A
2019,6,Hypermarkets,Black,600-899G,100,10000,1000,N/A
2019,6,Hypermarkets,White,<200G,100,10000,1000,N/A
2019,6,Hypermarkets,Yellow,350-399G,100,10000,1000,N/A
2019,6,Hypermarkets,Purple,400-599G,100,10000,1000,N/A
2019,6,Hypermarkets,Pink,<200G,100,10000,1000,N/A
2019,6,Hypermarkets,Brown,400-599G,100,10000,1000,N/A
2019,6,Hypermarkets,Orange,250-299G,100,10000,1000,N/A
2019,6,Hypermarkets,Orange,400-599G,100,10000,1000,N/A
2019,6,Minimarkets,Green,200-249G,100,10000,1000,N/A
2019,6,Minimarkets,Green,300-349G,100,10000,1000,N/A
2019,6,Minimarkets,Green,350-399G,100,10000,1000,N/A
2019,6,Minimarkets,Green,400-599G,100,10000,1000,N/A
2019,6,Minimarkets,Green,600-899G,100,10000,1000,N/A
2019,6,Minimarkets,Yellow,350-399G,100,10000,1000,N/A
2019,6,Minimarkets,Blue,400-599G,100,10000,1000,N/A
2019,6,Minimarkets,Black,200-249G,100,10000,1000,N/A
2019,6,Minimarkets,Black,400-599G,100,10000,1000,N/A
2019,6,Minimarkets,White,<200G,100,10000,1000,N/A
2019,6,Minimarkets,Mat,400-599G,100,10000,1000,N/A
2019,6,Minimarkets,Purple,400-599G,100,10000,1000,N/A
2019,6,Minimarkets,Vivid,350-399G,100,10000,1000,N/A
2019,6,Supermarkets,Green,200-249G,100,10000,1000,N/A
2019,6,Supermarkets,Green,350-399G,100,10000,1000,N/A
2019,6,Supermarkets,Green,400-599G,100,10000,1000,N/A
2019,6,Supermarkets,Green,600-899G,100,10000,1000,N/A
2019,6,Supermarkets,Yellow,350-399G,100,10000,1000,N/A
2019,6,Supermarkets,Blue,400-599G,100,10000,1000,N/A
2019,6,Supermarkets,Black,200-249G,100,10000,1000,N/A
2019,6,Supermarkets,Black,400-599G,100,10000,1000,N/A
2019,6,Supermarkets,Pale,<200G,100,10000,1000,N/A
2019,6,Supermarkets,Pale,400-599G,100,10000,1000,N/A
2019,6,Supermarkets,Cream,<200G,100,10000,1000,N/A
2019,6,Supermarkets,Cream,250-299G,100,10000,1000,N/A
2019,6,Supermarkets,Cream,400-599G,100,10000,1000,N/A
2019,6,Supermarkets,Deep,<200G,100,10000,1000,N/A
2019,6,Supermarkets,Deep,350-399G,100,10000,1000,N/A
2019,6,Supermarkets,Deep,400-599G,100,10000,1000,N/A
2019,6,Supermarkets,White,<200G,100,10000,1000,N/A
2019,6,Supermarkets,Dim,<200G,100,10000,1000,N/A
2019,6,Supermarkets,Dim,350-399G,100,10000,1000,N/A
2019,6,Supermarkets,Dim,400-599G,100,10000,1000,N/A
2019,7,Hypermarkets,Green,200-249G,100,10000,1000,N/A
2019,7,Hypermarkets,Green,350-399G,100,10000,1000,N/A
2019,7,Hypermarkets,Green,400-599G,100,10000,1000,N/A
2019,7,Hypermarkets,Green,600-899G,100,10000,1000,N/A
2019,7,Hypermarkets,Blue,400-599G,100,10000,1000,N/A
2019,7,Hypermarkets,Black,200-249G,100,10000,1000,N/A
2019,7,Hypermarkets,Black,400-599G,100,10000,1000,N/A
2019,7,Hypermarkets,Black,600-899G,100,10000,1000,N/A
2019,7,Hypermarkets,White,<200G,100,10000,1000,N/A
2019,7,Hypermarkets,Red,350-399G,100,10000,1000,N/A
2019,7,Hypermarkets,Yellow,350-399G,100,10000,1000,N/A
2019,7,Hypermarkets,Purple,400-599G,100,10000,1000,N/A
2019,7,Hypermarkets,Pink,<200G,100,10000,1000,N/A
2019,7,Hypermarkets,Brown,400-599G,100,10000,1000,N/A
2019,7,Hypermarkets,Orange,250-299G,100,10000,1000,N/A
2019,7,Hypermarkets,Orange,400-599G,100,10000,1000,N/A
2019,7,Minimarkets,Green,200-249G,100,10000,1000,N/A
2019,7,Minimarkets,Green,350-399G,100,10000,1000,N/A
2019,7,Minimarkets,Green,400-599G,100,10000,1000,N/A
2019,7,Minimarkets,Green,600-899G,100,10000,1000,N/A
2019,7,Minimarkets,Blue,400-599G,100,10000,1000,N/A
2019,7,Minimarkets,Yellow,350-399G,100,10000,1000,N/A
2019,7,Minimarkets,Black,200-249G,100,10000,1000,N/A
2019,7,Minimarkets,Black,400-599G,100,10000,1000,N/A
2019,7,Minimarkets,White,<200G,100,10000,1000,N/A
2019,7,Minimarkets,Red,350-399G,100,10000,1000,N/A
2019,7,Minimarkets,Purple,400-599G,100,10000,1000,N/A
2019,7,Minimarkets,Mat,400-599G,100,10000,1000,N/A
2019,7,Minimarkets,Pale,<200G,100,10000,1000,N/A
2019,7,Minimarkets,Pale,400-599G,100,10000,1000,N/A
2019,7,Minimarkets,Silver,400-599G,100,10000,1000,N/A
2019,7,Supermarkets,Green,200-249G,100,10000,1000,N/A
2019,7,Supermarkets,Green,300-349G,100,10000,1000,N/A
2019,7,Supermarkets,Green,350-399G,100,10000,1000,N/A
2019,7,Supermarkets,Green,400-599G,100,10000,1000,N/A
2019,7,Supermarkets,Green,600-899G,100,10000,1000,N/A
2019,7,Supermarkets,Blue,400-599G,100,10000,1000,N/A
2019,7,Supermarkets,Yellow,350-399G,100,10000,1000,N/A
2019,7,Supermarkets,Black,200-249G,100,10000,1000,N/A
2019,7,Supermarkets,Black,400-599G,100,10000,1000,N/A
2019,7,Supermarkets,Black,600-899G,100,10000,1000,N/A
2019,7,Supermarkets,Red,350-399G,100,10000,1000,N/A
2019,7,Supermarkets,Pale,<200G,100,10000,1000,N/A
2019,7,Supermarkets,Pale,400-599G,100,10000,1000,N/A
2019,7,Supermarkets,Cream,<200G,100,10000,1000,N/A
2019,7,Supermarkets,Cream,250-299G,100,10000,1000,N/A
2019,7,Supermarkets,Cream,400-599G,100,10000,1000,N/A
2019,7,Supermarkets,Deep,<200G,100,10000,1000,N/A
2019,7,Supermarkets,Deep,350-399G,100,10000,1000,N/A
2019,7,Supermarkets,Deep,400-599G,100,10000,1000,N/A
2019,7,Supermarkets,White,<200G,100,10000,1000,N/A
2019,7,Supermarkets,Dim,<200G,100,10000,1000,N/A
2019,7,Supermarkets,Dim,350-399G,100,10000,1000,N/A
2019,7,Supermarkets,Dim,400-599G,100,10000,1000,N/A
2019,8,Hypermarkets,Green,200-249G,100,10000,1000,N/A
2019,8,Hypermarkets,Green,350-399G,100,10000,1000,N/A
2019,8,Hypermarkets,Green,400-599G,100,10000,1000,N/A
2019,8,Hypermarkets,Green,600-899G,100,10000,1000,N/A
2019,8,Hypermarkets,Blue,400-599G,100,10000,1000,N/A
2019,8,Hypermarkets,Black,200-249G,100,10000,1000,N/A
2019,8,Hypermarkets,Black,400-599G,100,10000,1000,N/A
2019,8,Hypermarkets,Black,600-899G,100,10000,1000,N/A
2019,8,Hypermarkets,Red,350-399G,100,10000,1000,N/A
2019,8,Hypermarkets,White,<200G,100,10000,1000,N/A
2019,8,Hypermarkets,Yellow,350-399G,100,10000,1000,N/A
2019,8,Hypermarkets,Purple,400-599G,100,10000,1000,N/A
2019,8,Hypermarkets,Pink,<200G,100,10000,1000,N/A
2019,8,Hypermarkets,Orange,250-299G,100,10000,1000,N/A
2019,8,Hypermarkets,Orange,400-599G,100,10000,1000,N/A
2019,8,Hypermarkets,Brown,400-599G,100,10000,1000,N/A
2019,8,Minimarkets,Green,200-249G,100,10000,1000,N/A
2019,8,Minimarkets,Green,350-399G,100,10000,1000,N/A
2019,8,Minimarkets,Green,400-599G,100,10000,1000,N/A
2019,8,Minimarkets,Green,600-899G,100,10000,1000,N/A
2019,8,Minimarkets,Blue,400-599G,100,10000,1000,N/A
2019,8,Minimarkets,Yellow,350-399G,100,10000,1000,N/A
2019,8,Minimarkets,Black,200-249G,100,10000,1000,N/A
2019,8,Minimarkets,Black,400-599G,100,10000,1000,N/A
2019,8,Minimarkets,White,<200G,100,10000,1000,N/A
2019,8,Minimarkets,Red,350-399G,100,10000,1000,N/A
2019,8,Minimarkets,Pale,<200G,100,10000,1000,N/A
2019,8,Minimarkets,Pale,400-599G,100,10000,1000,N/A
2019,8,Minimarkets,Mat,400-599G,100,10000,1000,N/A
2019,8,Minimarkets,Silver,400-599G,100,10000,1000,N/A
2019,8,Supermarkets,Green,200-249G,100,10000,1000,N/A
2019,8,Supermarkets,Green,300-349G,100,10000,1000,N/A
2019,8,Supermarkets,Green,350-399G,100,10000,1000,N/A
2019,8,Supermarkets,Green,400-599G,100,10000,1000,N/A
2019,8,Supermarkets,Green,600-899G,100,10000,1000,N/A
2019,8,Supermarkets,Blue,400-599G,100,10000,1000,N/A
2019,8,Supermarkets,Black,200-249G,100,10000,1000,N/A
2019,8,Supermarkets,Black,400-599G,100,10000,1000,N/A
2019,8,Supermarkets,Yellow,350-399G,100,10000,1000,N/A
2019,8,Supermarkets,Red,350-399G,100,10000,1000,N/A
2019,8,Supermarkets,Pale,<200G,100,10000,1000,N/A
2019,8,Supermarkets,Pale,400-599G,100,10000,1000,N/A
2019,8,Supermarkets,Cream,<200G,100,10000,1000,N/A
2019,8,Supermarkets,Cream,250-299G,100,10000,1000,N/A
2019,8,Supermarkets,Cream,400-599G,100,10000,1000,N/A
2019,8,Supermarkets,Deep,<200G,100,10000,1000,N/A
2019,8,Supermarkets,Deep,350-399G,100,10000,1000,N/A
2019,8,Supermarkets,Deep,400-599G,100,10000,1000,N/A
2019,8,Supermarkets,White,<200G,100,10000,1000,N/A
2019,8,Supermarkets,Dim,<200G,100,10000,1000,N/A
2019,8,Supermarkets,Dim,350-399G,100,10000,1000,N/A
2019,8,Supermarkets,Dim,400-599G,100,10000,1000,N/A
2019,9,Hypermarkets,Green,200-249G,100,10000,1000,N/A
2019,9,Hypermarkets,Green,350-399G,100,10000,1000,N/A
2019,9,Hypermarkets,Green,400-599G,100,10000,1000,N/A
2019,9,Hypermarkets,Green,600-899G,100,10000,1000,N/A
2019,9,Hypermarkets,Blue,400-599G,100,10000,1000,N/A
2019,9,Hypermarkets,Black,200-249G,100,10000,1000,N/A
2019,9,Hypermarkets,Black,400-599G,100,10000,1000,N/A
2019,9,Hypermarkets,White,<200G,100,10000,1000,N/A
2019,9,Hypermarkets,Red,350-399G,100,10000,1000,N/A
2019,9,Hypermarkets,Yellow,350-399G,100,10000,1000,N/A
2019,9,Hypermarkets,Purple,400-599G,100,10000,1000,N/A
2019,9,Hypermarkets,Pink,<200G,100,10000,1000,N/A
2019,9,Hypermarkets,Brown,400-599G,100,10000,1000,N/A
2019,9,Hypermarkets,Orange,250-299G,100,10000,1000,N/A
2019,9,Hypermarkets,Orange,400-599G,100,10000,1000,N/A
2019,9,Minimarkets,Green,200-249G,100,10000,1000,N/A
2019,9,Minimarkets,Green,350-399G,100,10000,1000,N/A
2019,9,Minimarkets,Green,400-599G,100,10000,1000,N/A
2019,9,Minimarkets,Green,600-899G,100,10000,1000,N/A
2019,9,Minimarkets,Blue,400-599G,100,10000,1000,N/A
2019,9,Minimarkets,Black,200-249G,100,10000,1000,N/A
2019,9,Minimarkets,Black,400-599G,100,10000,1000,N/A
2019,9,Minimarkets,Yellow,350-399G,100,10000,1000,N/A
2019,9,Minimarkets,White,<200G,100,10000,1000,N/A
2019,9,Minimarkets,Red,350-399G,100,10000,1000,N/A
2019,9,Minimarkets,Pale,<200G,100,10000,1000,N/A
2019,9,Minimarkets,Pale,400-599G,100,10000,1000,N/A
2019,9,Minimarkets,Mat,400-599G,100,10000,1000,N/A
2019,9,Minimarkets,Vivid,350-399G,100,10000,1000,N/A
2019,9,Supermarkets,Green,200-249G,100,10000,1000,N/A
2019,9,Supermarkets,Green,300-349G,100,10000,1000,N/A
2019,9,Supermarkets,Green,350-399G,100,10000,1000,N/A
2019,9,Supermarkets,Green,400-599G,100,10000,1000,N/A
2019,9,Supermarkets,Green,600-899G,100,10000,1000,N/A
2019,9,Supermarkets,Blue,400-599G,100,10000,1000,N/A
2019,9,Supermarkets,Black,200-249G,100,10000,1000,N/A
2019,9,Supermarkets,Black,400-599G,100,10000,1000,N/A
2019,9,Supermarkets,Yellow,350-399G,100,10000,1000,N/A
2019,9,Supermarkets,Red,350-399G,100,10000,1000,N/A
2019,9,Supermarkets,Pale,<200G,100,10000,1000,N/A
2019,9,Supermarkets,Pale,400-599G,100,10000,1000,N/A
2019,9,Supermarkets,Glossy,300-349G,100,10000,1000,N/A
2019,9,Supermarkets,Glossy,400-599G,100,10000,1000,N/A
2019,9,Supermarkets,Dim,<200G,100,10000,1000,N/A
2019,9,Supermarkets,Dim,350-399G,100,10000,1000,N/A
2019,9,Supermarkets,Dim,400-599G,100,10000,1000,N/A
2019,9,Supermarkets,Deep,<200G,100,10000,1000,N/A
2019,9,Supermarkets,Deep,350-399G,100,10000,1000,N/A
2019,9,Supermarkets,Deep,400-599G,100,10000,1000,N/A
2019,9,Supermarkets,Beige,200-249G,100,10000,1000,N/A
2019,9,Supermarkets,Beige,350-399G,100,10000,1000,N/A
2019,10,Hypermarkets,Green,200-249G,100,10000,1000,N/A
2019,10,Hypermarkets,Green,350-399G,100,10000,1000,N/A
2019,10,Hypermarkets,Green,400-599G,100,10000,1000,N/A
2019,10,Hypermarkets,Green,600-899G,100,10000,1000,N/A
2019,10,Hypermarkets,Blue,400-599G,100,10000,1000,N/A
2019,10,Hypermarkets,Black,200-249G,100,10000,1000,N/A
2019,10,Hypermarkets,Black,400-599G,100,10000,1000,N/A
2019,10,Hypermarkets,Black,600-899G,100,10000,1000,N/A
2019,10,Hypermarkets,Red,350-399G,100,10000,1000,N/A
2019,10,Hypermarkets,White,<200G,100,10000,1000,N/A
2019,10,Hypermarkets,Purple,400-599G,100,10000,1000,N/A
2019,10,Hypermarkets,Yellow,350-399G,100,10000,1000,N/A
2019,10,Hypermarkets,Pink,<200G,100,10000,1000,N/A
2019,10,Hypermarkets,Brown,400-599G,100,10000,1000,N/A
2019,10,Minimarkets,Green,200-249G,100,10000,1000,N/A
2019,10,Minimarkets,Green,350-399G,100,10000,1000,N/A
2019,10,Minimarkets,Green,400-599G,100,10000,1000,N/A
2019,10,Minimarkets,Green,600-899G,100,10000,1000,N/A
2019,10,Minimarkets,Blue,400-599G,100,10000,1000,N/A
2019,10,Minimarkets,Yellow,350-399G,100,10000,1000,N/A
2019,10,Minimarkets,Black,200-249G,100,10000,1000,N/A
2019,10,Minimarkets,Black,400-599G,100,10000,1000,N/A
2019,10,Minimarkets,Red,350-399G,100,10000,1000,N/A
2019,10,Minimarkets,Orange,400-599G,100,10000,1000,N/A
2019,10,Minimarkets,White,<200G,100,10000,1000,N/A
2019,10,Minimarkets,Mat,400-599G,100,10000,1000,N/A
2019,10,Minimarkets,Pale,<200G,100,10000,1000,N/A
2019,10,Minimarkets,Pale,400-599G,100,10000,1000,N/A
2019,10,Minimarkets,Silver,400-599G,100,10000,1000,N/A
2019,10,Supermarkets,Green,200-249G,100,10000,1000,N/A
2019,10,Supermarkets,Green,300-349G,100,10000,1000,N/A
2019,10,Supermarkets,Green,350-399G,100,10000,1000,N/A
2019,10,Supermarkets,Green,400-599G,100,10000,1000,N/A
2019,10,Supermarkets,Green,600-899G,100,10000,1000,N/A
2019,10,Supermarkets,Blue,400-599G,100,10000,1000,N/A
2019,10,Supermarkets,Black,200-249G,100,10000,1000,N/A
2019,10,Supermarkets,Black,400-599G,100,10000,1000,N/A
2019,10,Supermarkets,Yellow,350-399G,100,10000,1000,N/A
2019,10,Supermarkets,Red,350-399G,100,10000,1000,N/A
2019,10,Supermarkets,Pale,<200G,100,10000,1000,N/A
2019,10,Supermarkets,Pale,400-599G,100,10000,1000,N/A
2019,10,Supermarkets,Glossy,300-349G,100,10000,1000,N/A
2019,10,Supermarkets,Glossy,400-599G,100,10000,1000,N/A
2019,10,Supermarkets,Dim,<200G,100,10000,1000,N/A
2019,10,Supermarkets,Dim,350-399G,100,10000,1000,N/A
2019,10,Supermarkets,Dim,400-599G,100,10000,1000,N/A
2019,10,Supermarkets,Deep,<200G,100,10000,1000,N/A
2019,10,Supermarkets,Deep,350-399G,100,10000,1000,N/A
2019,10,Supermarkets,Deep,400-599G,100,10000,1000,N/A
2019,10,Supermarkets,Beige,200-249G,100,10000,1000,N/A
2019,10,Supermarkets,Beige,350-399G,100,10000,1000,N/A
2019,11,Hypermarkets,Green,200-249G,100,10000,1000,N/A
2019,11,Hypermarkets,Green,350-399G,100,10000,1000,N/A
2019,11,Hypermarkets,Green,400-599G,100,10000,1000,N/A
2019,11,Hypermarkets,Green,600-899G,100,10000,1000,N/A
2019,11,Hypermarkets,Blue,400-599G,100,10000,1000,N/A
2019,11,Hypermarkets,Black,200-249G,100,10000,1000,N/A
2019,11,Hypermarkets,Black,400-599G,100,10000,1000,N/A
2019,11,Hypermarkets,Black,600-899G,100,10000,1000,N/A
2019,11,Hypermarkets,White,<200G,100,10000,1000,N/A
2019,11,Hypermarkets,Red,350-399G,100,10000,1000,N/A
2019,11,Hypermarkets,Purple,400-599G,100,10000,1000,N/A
2019,11,Hypermarkets,Yellow,350-399G,100,10000,1000,N/A
2019,11,Hypermarkets,Pink,<200G,100,10000,1000,N/A
2019,11,Hypermarkets,Deep,<200G,100,10000,1000,N/A
2019,11,Hypermarkets,Deep,350-399G,100,10000,1000,N/A
2019,11,Minimarkets,Green,200-249G,100,10000,1000,N/A
2019,11,Minimarkets,Green,350-399G,100,10000,1000,N/A
2019,11,Minimarkets,Green,400-599G,100,10000,1000,N/A
2019,11,Minimarkets,Green,600-899G,100,10000,1000,N/A
2019,11,Minimarkets,Blue,400-599G,100,10000,1000,N/A
2019,11,Minimarkets,Yellow,350-399G,100,10000,1000,N/A
2019,11,Minimarkets,Black,200-249G,100,10000,1000,N/A
2019,11,Minimarkets,Black,400-599G,100,10000,1000,N/A
2019,11,Minimarkets,White,<200G,100,10000,1000,N/A
2019,11,Minimarkets,Red,350-399G,100,10000,1000,N/A
2019,11,Minimarkets,Pale,<200G,100,10000,1000,N/A
2019,11,Minimarkets,Pale,400-599G,100,10000,1000,N/A
2019,11,Minimarkets,Pastel,250-299G,100,10000,1000,N/A
2019,11,Minimarkets,Mat,400-599G,100,10000,1000,N/A
2019,11,Minimarkets,Vivid,350-399G,100,10000,1000,N/A
2019,11,Supermarkets,Green,200-249G,100,10000,1000,N/A
2019,11,Supermarkets,Green,300-349G,100,10000,1000,N/A
2019,11,Supermarkets,Green,350-399G,100,10000,1000,N/A
2019,11,Supermarkets,Green,400-599G,100,10000,1000,N/A
2019,11,Supermarkets,Green,600-899G,100,10000,1000,N/A
2019,11,Supermarkets,Blue,400-599G,100,10000,1000,N/A
2019,11,Supermarkets,Black,200-249G,100,10000,1000,N/A
2019,11,Supermarkets,Black,400-599G,100,10000,1000,N/A
2019,11,Supermarkets,Red,350-399G,100,10000,1000,N/A
2019,11,Supermarkets,Yellow,350-399G,100,10000,1000,N/A
2019,11,Supermarkets,Pale,<200G,100,10000,1000,N/A
2019,11,Supermarkets,Pale,400-599G,100,10000,1000,N/A
2019,11,Supermarkets,Glossy,300-349G,100,10000,1000,N/A
2019,11,Supermarkets,Glossy,400-599G,100,10000,1000,N/A
2019,11,Supermarkets,Dim,<200G,100,10000,1000,N/A
2019,11,Supermarkets,Dim,350-399G,100,10000,1000,N/A
2019,11,Supermarkets,Dim,400-599G,100,10000,1000,N/A
2019,11,Supermarkets,Deep,<200G,100,10000,1000,N/A
2019,11,Supermarkets,Deep,350-399G,100,10000,1000,N/A
2019,11,Supermarkets,Deep,400-599G,100,10000,1000,N/A
2019,11,Supermarkets,Beige,200-249G,100,10000,1000,N/A
2019,11,Supermarkets,Beige,350-399G,100,10000,1000,N/A
2019,12,Hypermarkets,Green,200-249G,100,10000,1000,N/A
2019,12,Hypermarkets,Green,350-399G,100,10000,1000,N/A
2019,12,Hypermarkets,Green,400-599G,100,10000,1000,N/A
2019,12,Hypermarkets,Green,600-899G,100,10000,1000,N/A
2019,12,Hypermarkets,Blue,400-599G,100,10000,1000,N/A
2019,12,Hypermarkets,Black,200-249G,100,10000,1000,N/A
2019,12,Hypermarkets,Black,400-599G,100,10000,1000,N/A
2019,12,Hypermarkets,Black,600-899G,100,10000,1000,N/A
2019,12,Hypermarkets,White,<200G,100,10000,1000,N/A
2019,12,Hypermarkets,Red,350-399G,100,10000,1000,N/A
2019,12,Hypermarkets,Yellow,350-399G,100,10000,1000,N/A
2019,12,Hypermarkets,Purple,400-599G,100,10000,1000,N/A
2019,12,Hypermarkets,Pink,<200G,100,10000,1000,N/A
2019,12,Hypermarkets,Orange,250-299G,100,10000,1000,N/A
2019,12,Hypermarkets,Orange,400-599G,100,10000,1000,N/A
2019,12,Minimarkets,Green,200-249G,100,10000,1000,N/A
2019,12,Minimarkets,Green,300-349G,100,10000,1000,N/A
2019,12,Minimarkets,Green,350-399G,100,10000,1000,N/A
2019,12,Minimarkets,Green,400-599G,100,10000,1000,N/A
2019,12,Minimarkets,Green,600-899G,100,10000,1000,N/A
2019,12,Minimarkets,Blue,400-599G,100,10000,1000,N/A
2019,12,Minimarkets,Yellow,350-399G,100,10000,1000,N/A
2019,12,Minimarkets,Black,200-249G,100,10000,1000,N/A
2019,12,Minimarkets,Black,400-599G,100,10000,1000,N/A
2019,12,Minimarkets,Red,350-399G,100,10000,1000,N/A
2019,12,Minimarkets,Grey,350-399G,100,10000,1000,N/A
2019,12,Minimarkets,White,<200G,100,10000,1000,N/A
2019,12,Minimarkets,Pale,<200G,100,10000,1000,N/A
2019,12,Minimarkets,Pale,400-599G,100,10000,1000,N/A
2019,12,Minimarkets,Mat,400-599G,100,10000,1000,N/A
2019,12,Minimarkets,Vivid,<200G,100,10000,1000,N/A
2019,12,Minimarkets,Vivid,350-399G,100,10000,1000,N/A
2019,12,Supermarkets,Green,200-249G,100,10000,1000,N/A
2019,12,Supermarkets,Green,300-349G,100,10000,1000,N/A
2019,12,Supermarkets,Green,350-399G,100,10000,1000,N/A
2019,12,Supermarkets,Green,400-599G,100,10000,1000,N/A
2019,12,Supermarkets,Green,600-899G,100,10000,1000,N/A
2019,12,Supermarkets,Blue,400-599G,100,10000,1000,N/A
2019,12,Supermarkets,Black,200-249G,100,10000,1000,N/A
2019,12,Supermarkets,Black,400-599G,100,10000,1000,N/A
2019,12,Supermarkets,Red,350-399G,100,10000,1000,N/A
2019,12,Supermarkets,Yellow,350-399G,100,10000,1000,N/A
2019,12,Supermarkets,Deep,<200G,100,10000,1000,N/A
2019,12,Supermarkets,Deep,350-399G,100,10000,1000,N/A
2019,12,Supermarkets,Deep,400-599G,100,10000,1000,N/A
2019,12,Supermarkets,Pale,<200G,100,10000,1000,N/A
2019,12,Supermarkets,Pale,400-599G,100,10000,1000,N/A
2019,12,Supermarkets,White,<200G,100,10000,1000,N/A
2019,12,Supermarkets,Dim,350-399G,100,10000,1000,N/A
2019,12,Supermarkets,Dim,400-599G,100,10000,1000,N/A
2019,12,Supermarkets,Vivid,<200G,100,10000,1000,N/A
2019,12,Supermarkets,Vivid,350-399G,100,10000,1000,N/A
